7.8125E-05,0.059373,0.30374,-0.012479,0.040887,-0.014074,2.8194,-2.161,8.7296,4.8932
0.000156,0.36566,0.27645,-0.081908,0.02139,0.035486,1.952,-12.924,8.4807,4.8909
0.000234,0.16894,0.32039,-0.10405,-0.012587,0.12661,0.71281,3.7327,-7.0089,4.8774
0.000312,0.30464,0.18089,-0.18043,-0.13263,0.18029,-2.5101,4.8492,-7.0454,4.8862
0.000391,0.4832,0.12394,-0.14823,-0.11037,0.20275,8.0634,-3.9978,0.99274,4.8779
0.000469,0.39477,-0.054008,-0.124,-0.090606,0.20331,0.47555,-5.0989,11.811,4.8774
0.000547,0.78458,-0.2595,-0.047812,-0.017461,0.21329,1.3878,-4.9393,-1.8769,4.8823
0.000625,0.69761,-0.37276,0.058355,0.062192,0.18082,0.098678,9.9956,-8.3926,4.8797
0.000703,0.76594,-0.43048,0.088808,0.08611,0.048006,3.0961,-1.4949,1.4661,4.8698
0.000781,0.39474,-0.31542,0.20691,0.15714,-0.064161,8.9087,-5.1249,7.4119,4.8791
0.000859,0.13934,-0.27353,0.21079,0.11642,-0.08723,-1.4623,-0.73233,4.5342,4.8901
0.000937,-0.11591,-0.13227,0.24033,0.069393,-0.052381,4.3496,4.8275,-12.207,4.8818
0.001016,-0.22529,0.10152,0.19739,0.00237,-0.081821,3.1673,12.108,-6.4957,4.8979
0.001094,-0.50006,0.22621,0.1093,-0.024161,-0.11843,5.2964,-3.6737,5.0602,4.8809
0.001172,-0.80403,0.37942,0.12399,0.049854,-0.06014,2.8144,4.0037,6.0933,4.9014
0.00125,-0.52214,0.3413,0.017445,0.006618,0.007453,-3.2938,9.5591,-1.0645,4.9124
0.001328,-0.53031,0.37037,0.011058,0.036335,0.032022,4.7869,8.65,-5.8375,4.8976
0.001406,-0.28234,0.29272,-0.082004,-0.009711,-0.041948,-0.12064,0.056606,11.304,4.8701
0.001484,-0.20233,0.1552,-0.10656,0.003623,-0.044946,-0.024852,-12.838,13.67,4.8589
0.001562,-0.04077,0.03882,-0.1025,-0.032657,0.029532,-8.0831,3.9091,5.6454,4.8935
0.001641,0.17815,-0.19133,-0.15843,-0.1063,0.11152,-8.6939,3.9972,-0.098757,4.9546
0.001719,0.16412,-0.23447,-0.074819,-0.099316,0.15244,-1.3973,0.66928,5.2327,4.8791
0.001797,0.17954,-0.34196,-0.063005,-0.1223,0.13427,-7.0006,-6.3937,16.103,4.9331
0.001875,0.18433,-0.3475,0.029451,-0.064438,0.17926,-4.9269,-1.794,2.6792,4.9514
0.001953,-0.000933,-0.34064,0.050329,-0.066801,0.19706,-8.8281,15.212,-5.7829,4.8481
0.002031,-0.053257,-0.30708,0.022704,-0.082528,0.1776,-0.29641,0.82288,-2.368,4.9748
0.002109,-0.27401,-0.082329,0.078411,-0.030611,0.14449,2.8852,-1.5601,8.0154,4.8981
0.002187,-0.43764,-0.008811,0.049711,-0.059266,0.099505,-4.0962,-3.1384,6.9667,4.8972
0.002266,-0.54753,0.11062,0.10773,-0.025002,0.040516,0.006453,6.8056,-9.6832,4.9685
0.002344,-0.55869,0.15434,0.084359,-0.057005,-0.060722,1.1111,8.9717,-5.0349,4.8728
0.002422,-0.38059,0.20411,0.10472,4.3342E-05,-0.14647,9.2539,-9.4831,3.5513,4.9169
0.0025,-0.45727,0.23671,0.16452,0.077919,-0.17619,4.7757,-2.0085,5.4156,4.911
0.002578,-0.47114,0.070417,0.13955,0.073122,-0.15901,0.564,3.9134,-5.3893,4.8718
0.002656,-0.42324,0.01663,0.2098,0.11511,-0.14152,4.1069,15.688,-10.649,4.8677
0.002734,-0.4623,-0.093178,0.20055,0.096623,-0.16902,3.7756,5.7799,5.4844,4.8869
0.002812,-0.51408,-0.12571,0.26596,0.10465,-0.1567,7.7525,-6.2423,7.6895,4.9069
0.002891,-0.53208,-0.18623,0.29201,0.044133,-0.071161,-1.1662,6.0166,1.7341,4.8739
0.002969,-0.5707,-0.28061,0.24821,-0.050734,0.002723,0.53456,4.4287,-8.6225,4.8931
0.003047,-0.71475,-0.1769,0.26103,-0.090838,0.02545,5.2553,3.7381,-1.5125,4.8779
0.003125,-0.69247,-0.12319,0.17363,-0.16603,0.05973,3.0427,-13.017,13.849,4.8857
0.003203,-0.69658,5.2655E-05,0.15877,-0.1349,0.15211,2.1087,-9.177,6.163,4.8712
0.003281,-0.56969,0.049907,0.040274,-0.15726,0.23937,-3.8368,5.4309,-1.6503,4.8586
0.003359,-0.34034,0.11131,-0.081248,-0.11488,0.26834,5.1837,-0.50249,-5.9237,4.8772
0.003437,-0.35796,0.24869,-0.13373,-0.021071,0.24585,4.9179,-0.15678,4.1192,4.8763
0.003516,-0.10895,0.19445,-0.24311,0.028203,0.23746,1.2728,-6.6969,5.2759,4.8696
0.003594,-0.15074,0.19229,-0.25147,0.090203,0.23883,1.6316,9.158,-9.6628,4.9113
0.003672,0.024212,0.067902,-0.33683,0.060122,0.18478,2.1175,10.402,-10.008,4.8816
0.00375,-0.022809,0.005288,-0.32462,0.083151,0.13609,9.5033,-2.9899,-5.156,4.8936
0.003828,-0.17456,-0.096867,-0.29648,0.070282,0.090853,3.8437,-2.0147,2.2379,4.8917
0.003906,-0.10993,-0.28045,-0.28125,0.039324,0.097253,2.7539,-2.0605,-10.295,4.9615
0.003984,-0.25039,-0.30986,-0.18837,0.050523,0.11728,2.8743,10.178,-18.661,4.8918
0.004062,-0.10428,-0.37677,-0.1926,0.00277,0.086998,4.5589,-2.7008,-3.3301,4.8698
0.004141,-0.20708,-0.28358,-0.058743,0.056351,0.06145,6.4884,-9.8332,5.681,4.8814
0.004219,-0.078232,-0.28328,-0.028386,0.010401,0.051188,-2.1071,-2.2044,7.1523,4.9212
0.004297,0.053504,-0.25321,-0.010126,-0.031261,0.074147,0.72341,1.6579,-3.1143,4.925
0.004375,0.11615,-0.13232,0.010722,-0.079437,0.065207,2.3146,5.8758,4.2558,4.8494
0.004453,0.2374,-0.11717,-0.052902,-0.10051,0.026227,3.0598,-10.619,16.52,4.8891
0.004531,0.39773,-0.046745,-0.01859,-0.051683,0.006352,-1.4386,-3.6948,10.939,4.8796
0.004609,0.47824,-0.10754,-0.089214,-0.076663,0.016791,-7.1059,3.9036,3.0757,4.8859
0.004687,0.53577,-0.13598,-0.12549,-0.035891,0.047461,-0.064282,2.1203,-4.8232,4.9415
0.004766,0.53446,-0.11316,-0.15597,-0.028821,0.036954,-2.3826,-0.046781,6.557,4.8942
0.004844,0.55125,-0.18105,-0.21606,-0.013106,0.04844,-5.393,-7.4386,7.476,4.8881
0.004922,0.53319,-0.15176,-0.1763,-0.019335,0.076234,-8.9828,13.341,-5.2772,4.8964
0.005,0.49486,-0.22662,-0.24992,-0.10269,0.096458,-6.4007,13.769,-6.6882,4.8772
0.005078,0.52035,-0.12625,-0.19018,-0.059248,0.096697,-0.212,3.4952,0.32416,4.8971
0.005156,0.44001,-0.084685,-0.17974,-0.051343,0.083357,-5.5988,-0.61815,13.485,4.8875
0.005234,0.34608,-0.072156,-0.13677,-0.015988,0.11869,-6.7147,0.54388,4.5245,4.879
0.005312,0.18014,-0.031891,-0.051978,-0.04685,0.14864,-5.668,11.372,-4.7417,4.8739
0.005391,0.16005,-0.063542,-0.062147,-0.071174,0.1227,-0.38998,-4.0334,2.0708,4.8901
0.005469,-0.011466,0.032172,0.039188,-0.022324,0.089384,0.17998,-8.6407,8.5169,4.8658
0.005547,-0.23746,-0.025937,0.032255,-0.071622,0.076362,-3.2463,-6.4694,7.5069,4.8821
0.005625,-0.32905,-0.034557,0.060864,-0.057643,0.09841,0.60034,1.7672,-9.3415,4.8953
0.005703,-0.48751,-0.029096,0.050293,-0.090194,0.074361,2.8256,6.6162,-9.7399,4.9028
0.005781,-0.55902,-0.027982,-0.001422,-0.072558,-0.00309,6.5432,-8.7015,-0.16009,4.863
0.005859,-0.83848,0.025908,0.056254,-0.033421,-0.039549,2.4744,0.41061,1.4619,4.8803
0.005937,-0.60447,-0.069106,-0.017659,-0.078393,-0.045381,-0.37562,5.5576,-2.8879,4.895
0.006016,-0.77616,-0.067316,0.024763,-0.060793,-0.026423,4.0273,8.0625,-9.2606,4.8876
0.006094,-0.67865,-0.086463,-0.018674,-0.11748,-0.067055,4.3509,-1.3685,3.8462,4.8938
0.006172,-0.56608,-0.11926,0.013508,-0.063442,-0.073144,2.6592,-11.47,9.9318,4.8955
0.00625,-0.49997,-0.13002,0.059099,-0.055185,-0.044518,-3.9543,5.4339,5.7419,4.8953
0.006328,-0.33977,-0.24588,-0.010996,-0.073883,0.008934,-3.2212,4.0432,0.20483,4.8856
0.006406,-0.23916,-0.16745,0.041001,-0.00424,0.015861,0.99242,2.1075,0.82061,4.8976
0.006484,-0.31508,-0.18696,-0.023578,0.009929,-0.007765,0.71719,-3.3346,12.052,4.8735
0.006562,-0.24944,-0.15116,0.006334,0.087769,0.043373,-0.026146,3.1876,5.3498,4.899
0.006641,-0.26153,-0.14823,-0.029341,0.061375,0.091434,0.42218,15.151,-3.601,4.8691
0.006719,-0.28946,-0.15778,-0.087887,0.052951,0.1123,7.6758,2.1606,-5.5165,4.897
0.006797,-0.33903,-0.032396,-0.048238,0.084398,0.063946,9.971,-2.0248,0.050043,4.8698
0.006875,-0.30769,-0.086298,-0.12477,0.045642,0.059418,6.5554,-5.7881,2.3267,4.8698
0.006953,-0.36492,-0.070932,-0.074314,0.055445,0.12957,4.4309,5.3012,-11.119,4.8999
0.007031,-0.36016,-0.093847,-0.12629,-0.012247,0.14672,5.4722,5.1227,-10.491,4.8698
0.007109,-0.33218,-0.054392,-0.12312,0.023532,0.10874,8.4473,-8.429,-3.2323,4.8859
0.007187,-0.41905,0.018962,-0.071919,0.053368,0.063781,5.3807,-2.1981,2.6885,4.8938
0.007266,-0.44692,-0.072655,-0.12554,0.046233,0.1146,0.71879,1.2214,-1.6899,4.8779
0.007344,-0.5035,-0.009414,-0.035866,0.063266,0.15485,-1.3253,11.472,-8.7386,4.8755
0.007422,-0.48262,-0.044864,-0.080521,0.029564,0.10392,1.9176,2.261,3.4347,4.8741
0.0075,-0.63381,-0.022412,0.01391,0.094845,0.061358,0.56458,-4.7463,9.8906,4.8962
0.007578,-0.47637,-0.050526,0.044386,0.098198,0.064925,-5.7225,4.7339,8.9015,4.9022
0.007656,-0.47697,-0.15774,0.039674,0.10329,0.10089,-6.0056,4.332,1.5587,4.8539
0.007734,-0.33102,-0.082956,0.098874,0.13403,0.084391,-0.94663,5.3984,1.7378,4.9081
0.007812,-0.17309,-0.10736,0.037669,0.13433,0.051077,0.93535,-7.7398,11.588,4.9002
0.007891,-0.01325,-0.044273,0.10434,0.16591,0.058824,-3.3806,-1.3507,7.9043,4.9116
0.007969,0.18877,-0.072984,0.024055,0.11639,0.10271,-3.5101,8.8283,3.4185,4.8816
0.008047,0.32664,-0.10172,-0.018854,0.10509,0.10147,2.2073,4.088,1.3178,4.8892
0.008125,0.45228,-0.031343,-0.021579,0.11216,0.047608,6.0298,1.8813,9.0549,4.8716
0.008203,0.5114,-0.094438,-0.084747,0.11802,0.037352,2.8673,-4.326,12.783,4.8757
0.008281,0.69117,-0.10956,-0.049697,0.10773,0.035449,0.20165,8.5319,1.8128,4.9245
0.008359,0.70168,-0.20406,-0.13464,0.042009,0.065446,4.1054,6.5077,-0.44675,4.9084
0.008437,0.75752,-0.1988,-0.088925,0.057109,0.040112,5.4467,-0.24693,2.0689,4.8526
0.008516,0.67181,-0.19382,-0.0894,0.023741,0.000563,3.066,1.0683,8.1389,4.8967
0.008594,0.60755,-0.24573,-0.09934,0.000634,0.038931,-0.47561,3.4742,2.2664,4.9128
0.008672,0.59645,-0.19863,-0.051155,-0.050698,0.050001,1.2592,16.412,-7.6265,4.8805
0.00875,0.62096,-0.17803,-0.10721,-0.078584,0.054498,3.2429,6.7966,-3.1426,4.8889
0.008828,0.37833,-0.023873,0.010272,-0.035127,0.027329,0.529,4.1358,1.7123,4.8946
0.008906,0.1257,-0.00097,-0.024575,-0.087139,-0.029648,-1.5992,8.773,5.6732,4.8872
0.008984,0.014483,0.030784,0.032621,-0.057882,0.004589,-3.2803,9.984,-0.16065,4.8805
0.009062,-0.20495,0.13706,0.077084,-0.086048,-0.017526,1.7555,6.1951,0.73386,4.8876
0.009141,-0.23421,0.11193,0.061621,-0.077313,-0.07244,1.2839,-9.7109,9.3501,4.8841
0.009219,-0.5034,0.16024,0.15532,-0.064898,-0.10362,-2.1026,-5.0859,11.033,4.8911
0.009297,-0.53253,0.042625,0.077528,-0.16422,-0.08012,-0.6556,-3.6853,8.5533,4.8869
0.009375,-0.7041,0.02813,0.13439,-0.17356,-0.018076,0.88676,-4.8437,0.15369,4.8811
0.009453,-0.73052,0.019625,0.11675,-0.22182,-0.050294,3.8456,-8.0357,4.1749,4.8866
0.009531,-0.71887,-0.041802,0.12185,-0.18647,-0.034452,0.6898,-8.3898,6.9667,4.8842
0.009609,-0.75978,-0.00847,0.16678,-0.1759,0.01919,0.69845,8.3624,1.6678,4.8872
0.009687,-0.53047,-0.13213,0.069196,-0.20794,0.075885,2.8206,7.1581,-4.5072,4.8877
0.009766,-0.46659,-0.040353,0.13535,-0.13764,0.09655,3.9129,3.7929,-5.8449,4.878
0.009844,-0.42636,-0.03796,0.079101,-0.1579,0.042957,5.2718,-0.51409,3.4798,4.8657
0.009922,-0.31412,-0.03653,0.11029,-0.091405,0.056395,-0.068148,3.019,0.41444,4.8971
0.01,-0.23367,-0.037224,0.099043,-0.1167,0.062674,3.1454,11.44,-6.3341,4.8892
0.010078,-0.14582,-0.11584,0.019733,-0.10029,0.076974,5.487,0.58944,-6.0805,4.8922
0.010156,-0.17912,-0.030095,0.078531,-0.033367,0.048177,6.6546,-2.3813,0.81639,4.8975
0.010234,-0.1716,-0.087205,-0.015072,-0.042847,0.036563,6.2497,-3.4149,7.1003,4.8861
0.010312,-0.038438,-0.079389,0.020441,0.016289,0.06875,2.8828,5.3507,-1.6429,4.8894
0.010391,-0.092856,-0.07724,-0.026556,0.004679,0.072373,9.2454,6.9161,-4.667,4.8924
0.010469,0.042891,-0.076168,-0.054337,0.057276,0.067447,7.4941,-3.5917,0.25861,4.8979
0.010547,0.004863,0.007285,0.011401,0.10877,0.041134,5.3145,-1.2382,5.5515,4.8959
0.010625,0.015134,-0.087071,-0.049493,0.097476,0.05123,2.0246,-1.0668,3.3255,4.9003
0.010703,-0.12618,-0.066805,0.007259,0.12649,0.069698,0.75102,2.8366,-5.6202,4.888
0.010781,-0.030718,-0.083827,-0.045717,0.086206,0.05235,2.542,-4.9984,-0.85215,4.8749
0.010859,-0.073799,-0.08754,-0.001794,0.13954,0.061749,-5.6606,-8.8971,3.3453,4.9058
0.010937,-0.099669,-0.06633,0.018178,0.11789,0.079728,-5.9753,-0.63729,2.4386,4.8878
0.011016,-0.078676,-0.14111,-0.038057,0.096873,0.16356,-7.241,-0.89865,-4.0785,4.9037
0.011094,-0.14307,-0.043159,0.012061,0.1191,0.17775,-4.7168,1.3167,-5.3837,4.9065
0.011172,-0.068795,-0.050842,-0.067879,0.10841,0.15493,-3.6446,-4.6723,4.9297,4.9017
0.01125,-0.10428,-0.013359,-0.017419,0.16863,0.1521,-9.0675,0.94462,4.3023,4.9035
0.011328,0.019439,-0.04778,-0.058479,0.11313,0.13841,-3.9431,4.9173,-0.25337,4.8927
0.011406,-0.12968,-0.093111,-0.10668,0.12339,0.12781,-2.2715,-0.9646,-5.3473,4.9135
0.011484,0.14424,-0.00153,-0.063005,0.14135,0.057937,1.8173,-3.1054,-2.4668,4.916
0.011562,0.1629,-0.079175,-0.13836,0.1382,0.026631,-1.764,-8.0575,4.4013,4.88
0.011641,0.15893,-0.071943,-0.074266,0.16046,0.025321,-3.3536,0.51812,-1.0957,4.8794
0.011719,0.14871,-0.12093,-0.15557,0.11547,0.010072,3.971,0.19081,-4.471,4.9239
0.011797,0.31644,-0.08116,-0.13859,0.15726,0.00153,0.26886,-3.1819,-4.1582,4.9143
0.011875,0.1281,-0.019325,-0.11564,0.16757,-0.048024,-0.10217,0.026975,3.3262,4.925
0.011953,0.15193,-0.11717,-0.13828,0.16241,-0.023798,-4.9413,4.7108,4.2974,4.8623
0.012031,0.071635,-0.067773,-0.066517,0.141,-0.011633,-2.2057,11.44,-1.7062,4.9011
0.012109,0.061632,-0.11201,-0.12123,0.07317,-0.030658,-0.99631,1.9542,1.3049,4.9035
0.012187,0.010489,-0.0569,-0.021933,0.10762,-0.039543,-8.9639,-1.1496,5.1755,4.8534
0.012266,-0.14123,-0.078554,-0.000239,0.04007,-0.053856,-8.0007,0.24799,9.4163,4.9012
0.012344,-0.043997,-0.14831,0.021894,0.028812,0.00645,-10.436,1.093,1.7791,4.8895
0.012422,-0.30334,-0.099004,0.081322,-0.004861,0.00164,-4.1047,-1.2702,-3.0323,4.8865
0.0125,-0.14458,-0.10839,0.050593,-0.008864,-0.007661,-7.3554,-10.241,3.0505,4.9084
0.012578,-0.30708,0.004728,0.15646,0.008754,-0.025352,-8.9025,-4.3822,4.8962,4.893
0.012656,-0.20242,-0.008312,0.11294,-0.056748,-0.01692,-0.97965,-1.188,3.0731,4.9034
0.012734,-0.20631,0.022383,0.1253,-0.047721,0.025695,-0.59016,-0.43251,-6.6319,4.8988
0.012812,-0.19333,0.15008,0.12619,-0.060531,0.000104,4.9488,-4.658,-4.5321,4.8765
0.012891,-0.12785,0.12639,0.063662,-0.039679,-0.007074,-1.2899,-8.5438,2.2449,4.8926
0.012969,-0.31842,0.17681,0.10043,-0.023744,-0.030878,2.1477,-1.433,-1.2567,4.8857
0.013047,-0.23122,0.056956,-0.025319,-0.073883,-0.037952,5.9053,-5.6652,-7.4885,4.8958
0.013125,-0.30441,0.086568,-0.003373,-0.027323,-0.047755,1.414,-9.2615,-11.471,4.8808
0.013203,-0.35669,0.070636,-0.04771,-0.053717,-0.074202,3.3143,-10.364,-2.8021,4.8883
0.013281,-0.28478,-0.013085,-0.074585,-0.023141,-0.038845,-4.0272,-3.0076,-2.9238,4.8906
0.013359,-0.26655,-0.012373,-0.065184,-0.044529,-0.020114,2.573,4.9812,-9.6412,4.8822
0.013437,-0.23087,-0.10254,-0.15475,-0.039482,0.000416,1.2886,1.5224,-11.274,4.8818
0.013516,-0.22642,-0.019544,-0.074651,0.011785,-0.013793,-2.5632,4.106,-7.4303,4.8856
0.013594,-0.14938,-0.049296,-0.11501,-0.011197,-0.012838,-0.74001,5.0255,2.1993,4.8651
0.013672,-0.19869,-0.069009,-0.069836,0.01994,0.053727,-4.3133,8.0605,-3.4851,4.8676
0.01375,-0.1349,-0.033948,-0.042241,-0.018022,0.087261,3.7027,2.4461,-7.202,4.9038
0.013828,-0.050316,-0.07825,-0.061024,0.002143,0.10208,-2.5842,-6.1997,-3.1748,4.8857
0.013906,-0.19973,0.010725,0.032753,0.031723,0.070316,-3.2902,-4.0502,3.1448,4.8868
0.013984,-0.077233,-0.06952,-0.028693,-0.006161,0.074355,-0.80202,-5.6384,5.6119,4.8984
0.014062,-0.12953,-0.034326,0.022602,0.024278,0.088215,-0.41643,-3.5295,-4.2316,4.9011
0.014141,-0.10262,0.01411,0.000727,-0.003238,0.059528,4.6836,-8.4324,-2.2005,4.9082
0.014219,-0.20328,0.022499,0.001694,0.058845,0.049584,-5.0108,-8.0859,1.4499,4.8862
0.014297,-0.10665,0.072962,0.026054,0.046096,0.007863,-0.68944,-0.48956,2.1124,4.888
0.014375,-0.08731,-0.023982,-0.039114,0.023884,0.041654,-0.8994,-0.82674,-2.169,4.9285
0.014453,-0.088485,0.047264,0.030628,0.045171,0.017067,-1.957,-0.48901,-7.9371,4.8946
0.014531,0.001898,0.033999,-0.003823,0.021569,-0.0114,-2.1856,-6.0011,-0.69384,4.8793
0.014609,0.056779,-0.001019,0.036481,0.021551,-0.035314,-11.28,-0.81259,-1.3236,4.8841
0.014687,0.14482,0.01039,0.043684,-0.025456,-0.028718,-3.2301,2.8476,-5.1643,4.9734
0.014766,0.18509,-0.034594,0.028383,-0.025939,0.019735,-5.5434,-0.56756,-10.324,4.8813
0.014844,0.23284,0.095755,0.090458,-0.007808,-0.004865,-5.8604,-1.6373,-9.6587,4.8803
0.014922,0.21727,0.069759,0.033419,-0.018034,-0.033638,-7.3819,-3.1821,-0.48831,4.894
0.015,0.30133,0.11049,0.091011,-0.001997,-0.002631,-7.6464,6.06,-2.7813,4.8838
0.015078,0.32409,0.12709,0.057833,-0.057303,0.019569,2.3428,3.4402,-3.0289,4.898
0.015156,0.33392,0.13163,0.070415,-0.034483,0.045276,-4.2553,-2.7869,-2.8547,4.8778
0.015234,0.31465,0.21578,0.11259,-0.041588,0.027892,-1.3492,-5.072,3.5945,4.8769
0.015312,0.36081,0.081783,0.037639,-0.085642,0.055281,-3.4946,-4.9495,7.7007,4.8961
0.015391,0.30374,0.086191,0.091311,-0.10983,0.082836,-1.205,-0.33256,1.0696,4.9154
0.015469,0.25594,0.05348,0.034884,-0.14716,0.08731,1.2822,-7.3812,1.1911,4.8746
0.015547,0.32881,0.040507,0.069694,-0.11779,0.070818,-9.2861,-6.8743,1.1506,4.9095
0.015625,0.18324,0.058959,0.074029,-0.15126,0.031263,-3.1961,-2.1731,5.5978,4.874
0.015703,0.27669,-0.021304,0.046679,-0.13502,0.041905,-3.7399,3.6157,1.6591,4.8933
0.015781,0.12577,0.06453,0.10657,-0.11388,-0.0088,-0.3056,4.7767,-4.7127,4.9684
0.015859,0.16201,0.069759,0.063608,-0.10643,-0.049958,-4.521,-1.4556,-0.90025,4.8799
0.015937,0.035378,0.15094,0.14368,-0.038444,-0.086643,-9.4679,4.3086,1.1606,4.8923
0.016016,0.056018,0.14747,0.11895,-0.075303,-0.093796,1.2676,3.8688,2.8687,4.8826
0.016094,0.032151,0.080827,0.10979,-0.051564,-0.062539,-0.31169,0.21652,-5.8848,4.8749
0.016172,-0.087042,0.16452,0.13225,-0.050257,-0.082849,3.7413,-6.1981,-7.3385,4.8835
0.01625,0.018252,0.071677,0.064772,-0.036445,-0.06883,-0.1354,-8.22,-2.6156,4.8925
0.016328,-0.12494,0.097666,0.10616,-0.03064,-0.053097,3.0359,-1.9207,-3.4785,4.8809
0.016406,-0.006815,0.01744,0.042459,-0.068263,-0.017807,10.027,-6.0325,-5.0102,4.8321
0.016484,-0.10369,0.010189,0.053451,-0.024656,-0.00552,2.8126,-5.1351,-10.516,4.9264
0.016562,-0.16035,0.066076,0.048192,-0.033194,-0.013726,5.695,-5.205,-3.7944,4.8958
0.016641,-0.11922,-0.018278,-0.004519,-0.029006,0.00861,0.56222,-1.5229,0.01344,4.8778
0.016719,-0.061489,0.045773,0.028455,-0.048342,0.021827,5.8654,0.86348,-4.0535,4.894
0.016797,0.17432,-0.012275,-0.027378,-0.07689,0.044762,3.5593,-5.3242,-4.9557,4.8697
0.016875,-0.006431,0.075178,0.015146,-0.029912,0.032677,-5.4873,-3.5538,-3.2039,4.8757
0.016953,0.1029,0.08297,-0.015961,-0.050794,0.03275,-0.86842,-3.5627,5.8256,4.9116
0.017031,-0.13974,0.058844,-0.020661,0.002078,0.075897,-5.2547,1.7731,1.9662,4.8387
0.017109,-0.10107,0.10648,-0.003541,0.00283,0.059406,-0.31929,0.52151,-2.9412,4.8353
0.017187,-0.081422,0.094117,-0.044966,0.061112,0.046011,-5.6212,-3.0539,-2.0382,4.9214
0.017266,-0.043595,0.16529,-0.018998,0.1137,-0.007123,-4.7591,1.5469,1.6198,4.9365
0.017344,-0.001493,0.10189,-0.068642,0.090758,-0.009014,2.8391,1.0732,5.6633,4.8989
0.017422,0.046751,0.092108,-0.058203,0.14591,-0.008341,-0.18205,2.8442,-2.0427,4.8814
0.0175,-0.032605,0.12983,-0.045141,0.13208,-0.056352,3.5737,-4.2568,-2.4893,4.8871
0.017578,0.11638,0.081819,-0.058215,0.18589,-0.074753,-3.7061,-4.6084,-1.0055,4.9158
0.017656,0.15052,0.10912,-0.018746,0.19698,-0.093203,2.7752,-2.5597,0.87645,4.8427
0.017734,0.19072,-0.024208,-0.064938,0.1483,-0.076693,6.0237,-6.6259,0.57914,4.8801
0.017812,0.15991,0.025464,-0.015372,0.17929,-0.083993,1.6603,-5.1892,-7.4081,4.8967
0.017891,0.13426,0.015729,-0.006818,0.14062,-0.10714,3.3836,-7.2033,-4.004,4.8926
0.017969,0.25862,0.000345,-0.000239,0.16676,-0.085676,-3.6426,2.3577,-1.1138,4.8985
0.018047,0.16304,0.033311,0.023448,0.12271,-0.061309,4.4159,4.3232,-0.1769,4.8938
0.018125,0.30562,-0.034289,-0.011266,0.10461,-0.017471,0.3905,0.35391,-4.2423,4.9429
0.018203,0.21317,0.062137,0.025033,0.11102,-0.032812,-4.7934,1.6567,-6.6598,4.9166
0.018281,0.37285,0.030151,-0.016993,0.055403,-0.013181,-4.5638,-0.69824,2.8043,4.9137
0.018359,0.31531,0.024727,-0.018314,0.072913,0.027745,-8.7721,3.402,3.2673,4.8916
0.018437,0.28421,0.022487,-0.026334,0.015651,0.051163,-1.058,-2.2899,1.4462,4.9047
0.018516,0.44605,-0.031057,-0.058581,0.04112,0.052675,-8.4442,-4.5511,-4.2431,4.883
0.018594,1.1696,-0.009031,-0.028332,0.04782,0.023198,-6.9395,-4.3478,-2.8923,4.8832
0.018672,1.7302,-0.20454,-0.075881,-8.1946E-05,0.028779,-3.3844,-4.4364,4.0708,4.9
0.01875,1.0344,-0.25033,-0.048802,0.011904,0.007086,-2.4179,0.46228,-0.62541,4.8898
0.018828,0.88925,-0.22689,-0.056198,-0.04614,-0.030627,1.0922,-4.0161,-2.7595,4.8934
0.018906,0.43394,-0.17286,-0.051281,-0.009747,-0.086478,-8.1002,2.4375,-3.4676,4.8823
0.018984,-0.24518,-0.15827,-0.030656,-0.033671,-0.13917,-0.66345,3.6252,3.9432,4.9015
0.019062,-0.3809,-0.2667,-0.051089,-0.058132,-0.13492,0.21697,1.5265,5.256,4.896
0.019141,-1.0614,-0.11719,-0.015889,-0.056826,-0.15957,-0.14672,-0.68727,-2.6167,4.8756
0.019219,-1.5023,-0.02408,0.034422,-0.024603,-0.18267,-0.23628,-6.6973,-1.7444,4.8851
0.019297,-1.5838,0.13314,0.12054,0.075157,-0.19501,-4.6822,0.89501,1.5063,4.8807
0.019375,-0.55912,0.32962,0.20169,0.050314,-0.15879,4.7744,-0.96872,6.7807,4.8778
0.019453,-0.53771,0.43932,0.18899,0.096945,-0.14402,0.70334,-0.73349,-0.51006,4.8472
0.019531,0.045394,0.57981,0.16224,0.12112,-0.22505,1.8291,-1.2732,-6.6725,4.8765
0.019609,0.80214,0.60497,0.099289,0.083175,-0.19052,1.3195,0.10767,-2.6878,4.8797
0.019687,1.2476,0.64733,0.12825,0.029414,-0.08403,1.9584,7.3915,-2.0877,4.8783
0.019766,1.4895,0.46855,0.11285,-0.085051,-0.033154,7.6424,0.61836,-3.238,4.8782
0.019844,1.7597,0.18816,0.042814,-0.15348,-0.097602,-2.2779,0.901,-11.24,4.8765
0.019922,1.5229,0.000406,0.029499,-0.26732,-0.087922,0.27096,-3.6037,-7.8794,4.8816
0.02,0.7258,-0.23763,-0.057879,-0.30424,0.12332,-0.77583,-3.6192,1.1781,4.8845
0.020078,-0.33461,-0.239,-0.096735,-0.36036,0.25624,1.5347,-4.2117,0.22779,4.8796
0.020156,-1.3949,-0.2739,-0.193,-0.46565,0.25076,1.2245,-11.756,-3.375,4.8767
0.020234,-2.0929,-0.21861,-0.213,-0.38095,0.18746,-7.4385,-4.9458,-5.9846,4.8743
0.020312,-2.01,-0.1207,-0.23031,-0.33048,0.16382,-1.8368,-4.3983,5.274,4.8721
0.020391,-1.4351,-0.009104,-0.23314,-0.18459,0.14026,-2.8499,1.1621,8.2254,4.8839
0.020469,-0.9046,0.18458,-0.15169,0.032404,0.049572,0.49003,-1.231,-0.88377,4.8772
0.020547,0.16146,0.32508,-0.061474,0.26502,-0.080976,-3.1598,-2.1615,-4.5186,4.8717
0.020625,0.6823,0.61634,0.048084,0.41391,-0.27964,-4.5291,6.9992,-3.2455,4.8803
0.020703,1.0755,0.77624,0.054267,0.48887,-0.431,4.5851,1.845,3.1381,4.8817
0.020781,1.0315,0.74159,0.055738,0.50809,-0.47057,0.29569,3.1575,-5.0012,4.8693
0.020859,0.90943,0.6921,0.10424,0.36679,-0.43245,1.4362,-3.1211,-12.838,4.8808
0.020937,0.47603,0.49773,0.11322,0.1863,-0.36414,-2.6083,0.026272,-8.7254,4.8934
0.021016,-0.27533,0.35978,0.15498,-0.009759,-0.28527,2.7629,4.3926,-2.0201,4.8853
0.021094,-0.76339,0.17515,0.15434,-0.25974,-0.14429,8.2488,-2.2654,0.000911,4.8976
0.021172,-1.3299,0.12798,0.2019,-0.37364,0.006162,0.15692,1.5376,-9.601,4.8909
0.02125,-1.2697,0.1833,0.20427,-0.5062,0.18903,0.55554,-2.7496,-4.4851,4.908
0.021328,-1.1475,0.13112,0.12378,-0.52822,0.32699,-3.1341,2.47,6.2574,4.8984
0.021406,-0.54912,0.13969,0.080043,-0.49752,0.37377,1.6069,-1.7278,8.6716,4.8892
0.021484,0.53092,-0.012927,-0.009736,-0.48078,0.33983,-1.6884,-7.658,2.1941,4.9082
0.021562,2.1272,-0.1504,-0.002994,-0.36473,0.25262,-8.0183,-2.6208,-4.32,4.8953
0.021641,2.9043,-0.41321,-0.009946,-0.27915,0.15233,-4.9815,-5.7981,5.1812,4.9081
0.021719,2.521,-0.63346,-0.016039,-0.079389,0.09901,-6.8863,1.6024,7.6672,4.9124
0.021797,1.4405,-0.59322,-0.012077,0.08722,0.044866,-1.7745,-3.4018,1.0107,4.9116
0.021875,0.38143,-0.62764,-0.074765,0.26748,-0.069613,-8.7864,0.23052,-7.1009,4.8788
0.021953,-1.0776,-0.497,-0.099995,0.39492,-0.21373,-10.193,5.3685,-4.4178,4.8844
0.022031,-1.8826,-0.45822,-0.13113,0.36476,-0.30184,-4.0638,1.1406,6.0675,4.913
0.022109,-2.0538,-0.29468,-0.06043,0.30608,-0.34453,-3.5092,3.6497,1.614,4.896
0.022187,-2.3215,0.017714,0.062905,0.22043,-0.35355,-1.0228,-6.0512,-3.6373,4.88
0.022266,-1.4944,0.40218,0.22067,0.23197,-0.33458,-7.5473,-1.3446,-3.1881,4.8913
0.022344,-0.80085,0.8541,0.36837,0.20433,-0.29934,-0.73932,-2.7262,4.9849,4.9504
0.022422,0.31741,1.097,0.38613,0.16235,-0.22904,3.2305,-5.1344,6.4393,4.8931
0.0225,1.4913,1.1842,0.33811,0.1181,-0.24401,0.82895,-2.1732,-5.9532,4.8893
0.022578,1.6719,1.0289,0.26168,0.008086,-0.20424,1.4762,-6.0688,-8.3974,4.8927
0.022656,1.8327,0.64805,0.19853,-0.086239,-0.11588,-0.67997,5.1284,-3.5697,4.8928
0.022734,1.1816,0.20562,0.16201,-0.23952,0.01077,7.7697,1.5547,1.753,4.891
0.022812,0.64712,-0.34825,0.07365,-0.34464,0.14394,3.4323,3.2022,-4.4289,4.9015
0.022891,-0.14778,-0.67597,0.016647,-0.38602,0.21686,-1.224,3.5856,-10.14,4.8834
0.022969,-0.73392,-0.87308,-0.10034,-0.33699,0.3327,-0.60733,-0.27043,-1.553,4.8687
0.023047,-1.0472,-0.87253,-0.21382,-0.21432,0.42343,0.58806,3.885,5.0744,4.9025
0.023125,-1.1843,-0.71536,-0.36051,-0.1435,0.42795,5.4368,-7.8699,5.9562,4.8998
0.023203,-0.77827,-0.43637,-0.44102,0.029164,0.31535,-3.2016,-4.651,-1.77,4.8903
0.023281,-0.34082,-0.012281,-0.48028,0.14898,0.093545,-2.9755,-5.7325,1.3032,4.9405
0.023359,0.38347,0.30118,-0.37217,0.264,-0.027653,-0.48126,-2.9545,11.086,4.8789
0.023437,0.64205,0.63835,-0.041041,0.41829,-0.2075,1.6595,1.332,7.2953,4.8744
0.023516,0.973,0.94138,0.14677,0.54169,-0.40383,2.2132,-5.9585,-2.3406,4.8911
0.023594,0.80271,1.0506,0.2198,0.62842,-0.51256,-5.8221,2.3535,-9.1713,4.8723
0.023672,0.54744,0.83864,0.32982,0.48731,-0.40298,-0.3571,-3.365,-1.0845,4.8863
0.02375,0.09846,0.34555,0.48547,0.17184,-0.27082,2.1414,-0.80736,2.5518,4.8771
0.023828,-0.40169,0.003133,0.4747,-0.20817,-0.21365,3.8449,-2.3112,-7.1651,4.8841
0.023906,-0.72421,-0.27167,0.43699,-0.44633,-0.076313,1.3518,-5.6269,-12.412,4.8884
0.023984,-0.93532,-0.4541,0.54915,-0.34369,0.10267,-0.10425,3.4648,-7.3143,4.8859
0.024062,-0.74175,-0.4039,0.61671,-0.12943,0.12144,9.9714,-3.6491,3.2959,4.883
0.024141,-0.35754,-0.26842,0.48083,0.034092,-0.031092,7.5555,2.7066,-1.2657,4.91
0.024219,0.097401,-0.13007,0.40579,-0.1117,-0.10968,3.6694,-0.012621,-7.1331,4.9588
0.024297,0.39348,-0.30518,0.38061,-0.39581,-0.0322,-1.6771,2.984,-0.10239,4.8733
0.024375,0.75866,-0.42859,0.24371,-0.62722,0.059846,0.32972,8.3799,8.6646,4.8746
0.024453,1.0497,-0.25046,-0.043868,-0.64199,0.19027,5.2475,-0.48376,9.3346,4.8696
0.024531,1.0002,0.095968,-0.15182,-0.29817,0.27364,-2.9059,5.3014,-1.8482,4.903
0.024609,1.0212,0.43976,-0.23587,0.17793,0.12548,-4.0441,-2.4433,-1.6469,4.9052
0.024687,0.79299,0.43766,-0.46543,0.57877,-0.11295,-4.1181,0.66065,7.5751,4.8969
0.024766,0.65441,0.2609,-0.51012,0.59528,-0.20101,1.201,-1.342,8.8207,4.8719
0.024844,0.4091,-0.1425,-0.36713,0.20949,-0.08723,0.74582,-5.2963,1.029,4.943
0.024922,0.041996,-0.47502,-0.33468,-0.16676,-0.061682,-6.9908,3.0071,-5.7473,4.9116
0.025,-0.35479,-0.60171,-0.2036,-0.31492,-0.042706,-2.4097,-3.5155,3.8717,4.9191
0.025078,-0.5111,-0.51719,-0.12347,0.035434,0.015255,0.77224,4.8768,9.4943,4.9143
0.025156,-0.42055,-0.25109,-0.067873,0.49119,0.007698,3.3953,0.42626,4.4344,4.9424
0.025234,-0.24502,-0.24332,0.10244,0.75499,-0.091367,-1.6192,0.044719,-2.1863,4.8902
0.025312,0.10256,-0.23054,0.39508,0.55093,-0.22215,-3.6,2.6965,-0.39216,4.8982
0.025391,0.29282,-0.12635,0.45412,0.076517,-0.092738,4.2402,-3.5106,8.0798,4.8912
0.025469,0.3359,0.006189,0.37073,-0.16922,0.27366,5.1925,6.7108,2.5493,4.9021
0.025547,0.4932,0.12208,0.17617,-0.1284,0.57055,4.941,-0.069789,-5.7365,4.8829
0.025625,0.47812,0.16597,-0.08964,0.16713,0.525,-0.47862,4.4497,-7.159,4.8797
0.025703,0.73321,0.39964,-0.34769,0.35302,0.19217,3.2189,5.2493,-0.64675,4.863
0.025781,1.027,0.52579,-0.46493,0.30795,-0.076007,8.3277,2.9158,2.1606,4.8772
0.025859,1.1071,0.497,-0.44283,0.20363,-0.16229,2.8758,9.4927,-5.9516,4.8772
0.025937,0.84926,0.36712,-0.46527,0.1387,-0.052669,-0.99721,0.81142,-5.1745,4.8781
0.026016,0.55297,0.12206,-0.56016,0.19017,0.06867,-3.5398,7.0226,3.3834,4.8598
0.026094,0.30026,-0.044773,-0.6204,0.3082,0.114,3.8066,0.5991,11.164,4.9016
0.026172,0.1334,-0.30839,-0.6322,0.44683,0.10111,3.6106,-0.8606,6.6734,4.8329
0.02625,0.10062,-0.39018,-0.51862,0.48569,-0.051592,-2.774,-0.37619,0.051215,4.8919
0.026328,0.41444,-0.32933,-0.38157,0.34252,-0.16994,-1.3792,-8.0737,5.6154,4.8948
0.026406,0.018087,-0.1932,-0.16303,0.22761,-0.14965,2.4962,1.1925,9.5189,4.9086
0.026484,0.16117,-0.054343,0.046067,0.12401,-0.067153,6.8966,-4.9296,5.8116,4.8802
0.026562,-0.1194,-0.015898,0.16342,0.20755,0.071351,-0.38184,0.52642,-5.25,4.8619
0.026641,0.31919,0.12991,0.15588,0.31269,0.095485,-3.4951,0.47992,-5.894,4.8957
0.026719,0.17265,0.24022,0.11712,0.30585,0.09114,2.4799,-0.94896,2.2561,4.8844
0.026797,0.38295,0.31194,0.10645,0.1586,0.053525,5.6827,6.2166,0.81298,4.8936
0.026875,0.29483,0.38218,0.13096,-0.072099,0.02646,4.4403,-2.9367,-4.639,4.8846
0.026953,0.30451,0.37826,0.19999,-0.17393,0.010966,-2.9154,2.8001,-8.0504,4.8778
0.027031,0.35193,0.39074,0.21786,-0.17114,0.086655,1.23,-2.1085,0.26772,4.8888
0.027109,1.2054,0.13411,0.13001,-0.086704,0.14506,7.1952,0.35938,5.0979,4.899
0.027187,2.2883,-0.22908,-0.038291,-0.066938,0.10702,5.7749,4.1947,-1.8862,4.877
0.027266,0.41646,-0.59553,-0.1639,-0.13492,0.009699,1.0781,-1.252,-4.4824,4.9052
0.027344,0.72056,-0.78296,-0.18327,-0.22277,-0.084942,-1.1713,7.5428,-0.95181,4.855
0.027422,-0.26508,-0.67641,-0.1327,-0.34997,-0.14031,7.087,0.37512,6.259,4.8984
0.0275,0.39542,-0.54298,-0.092911,-0.38846,-0.17559,6.1607,4.3261,2.2121,4.8675
0.027578,-0.71081,-0.30857,-0.061552,-0.43625,-0.16204,-1.668,0.61038,-4.8032,4.9263
0.027656,-0.29235,-0.028768,-0.021831,-0.44476,-0.05672,-4.8827,-3.0983,-1.4813,4.8972
0.027734,0.011006,0.25489,0.033101,-0.3892,-0.009436,-1.3206,2.0737,5.5995,4.8608
0.027812,-0.098494,0.4578,0.093976,-0.24969,-0.004033,4.9438,-6.8838,8.9912,4.8945
0.027891,0.13183,0.55639,0.12466,-0.17756,-0.025585,-2.1695,1.4172,0.50256,4.8627
0.027969,-0.23057,0.70891,0.15024,-0.22571,-0.064675,-7.1416,-2.2194,-1.8787,4.8974
0.028047,1.3338,0.79435,0.17302,-0.24461,-0.085835,-4.2158,-0.83147,4.2054,4.8882
0.028125,0.44808,0.75816,0.2159,-0.23176,-0.11291,0.75044,2.2662,5.7449,4.8963
0.028203,1.5598,0.74245,0.21339,-0.2222,0.094078,0.55302,-0.29906,0.84788,4.8942
0.028281,1.6589,0.60702,0.12316,-0.17015,0.18302,-6.5075,7.5417,-7.2631,4.9091
0.028359,0.6134,0.42554,0.021395,-0.31308,0.03748,-3.0032,-0.62976,-3.4623,4.8757
0.028437,-0.15923,0.16417,-0.030974,-0.55975,-0.12972,3.155,4.8116,0.13579,4.8876
0.028516,-1.5995,0.023899,0.025081,-0.8039,-0.050368,3.9989,2.747,-3.541,4.8807
0.028594,-1.4675,0.031996,0.055642,-0.80161,0.29871,-1.3093,-1.1117,-7.6856,4.8928
0.028672,-1.7278,-0.001609,0.016659,-0.70726,0.49013,-3.7695,2.2737,-5.2214,4.8894
0.02875,-1.4424,0.008156,-0.051468,-0.61367,0.42641,3.4087,-5.1228,4.3527,4.8977
0.028828,-1.0169,-0.002139,-0.047464,-0.42124,0.19027,3.9175,3.9646,3.2567,4.894
0.028906,-0.6523,0.16056,-0.015498,-0.26034,-0.085266,-1.8115,0.013792,-1.9418,4.9054
0.028984,-0.46059,0.2244,0.089996,-0.078345,-0.15963,-7.1221,1.3787,-2.2323,4.894
0.029062,0.4603,0.1951,0.25855,0.10242,-0.071534,-3.3179,2.5084,4.3715,4.8747
0.029141,1.1121,0.099286,0.3494,0.25452,-0.045068,3.362,-2.8381,9.4202,4.8853
0.029219,0.98462,-0.053454,0.31648,0.32393,-0.20994,0.44987,3.3845,3.4772,4.873
0.029297,0.44563,-0.089951,0.24542,0.30941,-0.39162,-3.2887,-4.7199,-0.80553,4.8905
0.029375,0.090929,-0.038289,0.31314,0.29298,-0.4114,-2.529,1.3346,1.3913,4.9105
0.029453,-0.23868,0.12208,0.41617,0.25827,-0.25127,4.851,0.6336,5.023,4.8894
0.029531,-0.54811,0.20977,0.44726,0.17492,-0.059993,5.3868,0.67165,1.0374,4.8882
0.029609,-0.77465,0.27647,0.42745,0.12712,0.036312,-2.5793,6.8751,-5.3581,4.8743
0.029687,-1.0427,0.47609,0.32874,0.033615,0.081362,-2.6698,-0.31101,-0.82959,4.8716
0.029766,-1.1114,0.61585,0.22396,-0.08841,0.16908,3.3528,5.0186,4.8212,4.8855
0.029844,-0.99629,0.6641,0.18392,-0.27125,0.23992,6.1233,-1.1855,3.3014,4.8746
0.029922,-0.6121,0.47411,0.16785,-0.25244,0.25974,-2.4094,1.045,-4.5085,4.8536
0.03,-0.068125,0.2008,0.13116,-0.12951,0.1833,-6.783,2.4587,-6.7568,4.8796
0.030078,0.69293,-0.11146,0.040208,0.037701,0.17373,1.8013,-2.3826,-0.8033,4.8868
0.030156,0.80258,-0.55419,-0.060904,0.26238,0.19503,8.0806,2.7441,-0.67675,4.8788
0.030234,0.96591,-0.89493,-0.17576,0.41689,0.19366,4.9496,-5.3844,-5.3029,4.8777
0.030312,0.59282,-1.2172,-0.19428,0.45062,0.098587,-2.7985,0.41959,-8.6986,4.8711
0.030391,0.1934,-1.3045,-0.21152,0.42068,-0.10428,1.1094,0.63807,-2.9684,4.881
0.030469,0.050575,-1.2643,-0.21432,0.43886,-0.21939,8.7086,1.0529,2.3637,4.8849
0.030547,-0.49176,-1.0417,-0.25279,0.51028,-0.18289,5.4068,4.2638,-0.1577,4.8941
0.030625,-0.97112,-0.61635,-0.23983,0.52645,-0.052669,-2.0711,-3.6073,-1.5438,4.8915
0.030703,-1.3222,-0.21422,-0.16213,0.54943,-0.00596,-2.5296,2.5806,1.9996,4.9181
0.030781,-1.1079,0.20814,-0.10444,0.49695,-0.064338,5.3961,-2.5774,10.199,4.8932
0.030859,-1.2984,0.48142,0.006016,0.4634,-0.094788,5.5266,0.25859,9.5712,4.8795
0.030937,-1.1317,0.64914,0.062371,0.39684,-0.057956,-2.4201,2.8144,2.5928,4.8836
0.031016,-0.73629,0.70334,0.097998,0.3096,0.038931,-5.5096,0.88833,2.1852,4.889
0.031094,-0.27436,0.5606,0.1166,0.25777,0.11224,0.32705,7.5007,5.5229,4.9092
0.031172,0.091367,0.32328,0.094126,0.15028,0.15041,5.7617,0.1238,5.9578,4.8999
0.03125,0.41579,-0.13166,0.055924,0.13006,0.13525,0.083956,4.8409,-1.7804,4.8853
0.031328,0.51423,-0.60624,-0.01464,0.11511,0.12657,-3.0615,2.8549,-5.1977,4.8989
0.031406,0.49623,-1.0604,-0.042133,0.14098,0.20907,1.8109,2.2368,-0.52845,4.9069
0.031484,0.80605,-1.3504,-0.082136,0.1644,0.22801,7.3152,3.3791,3.105,4.9101
0.031562,0.53863,-1.4696,-0.080545,0.1408,0.1891,4.2807,-4.7146,0.72221,4.9004
0.031641,0.90451,-1.4149,-0.087467,0.12203,0.050019,-3.1643,1.4041,-4.5088,4.8927
0.031719,0.29796,-1.073,-0.14051,0.059418,-0.069552,-0.54909,-3.0184,-0.10378,4.9112
0.031797,0.42086,-0.61933,-0.16208,0.08583,-0.087328,4.7494,0.50015,5.5825,4.8922
0.031875,-0.15335,-0.18763,-0.20314,0.14074,-0.080077,3.2635,1.2766,4.3275,4.9143
0.031953,-0.13253,0.1877,-0.15035,0.20336,-0.10126,-5.2588,-0.20357,-0.26841,4.9229
0.032031,-0.24198,0.51818,-0.091927,0.29841,-0.20678,-7.8004,6.5529,-0.74503,4.904
0.032109,-0.02041,0.69716,-0.073924,0.31793,-0.2723,0.052857,-0.50138,5.7553,4.8882
0.032187,0.098759,0.62748,-0.068978,0.33629,-0.18536,2.0411,2.3072,6.0074,4.8729
0.032266,-0.12893,0.44304,-0.11791,0.27418,-0.039677,-3.8649,-3.4527,0.89738,4.9085
0.032344,-0.2352,0.19076,-0.11533,0.20042,0.09625,-6.9053,-3.2955,-1.3698,4.8839
0.032422,-0.62369,-0.18016,-0.14132,0.071786,0.09278,0.57403,1.6711,1.8382,4.8948
0.0325,-0.48905,-0.55274,-0.12422,-0.089699,0.093735,7.3879,-3.9382,4.6108,4.883
0.032578,-0.47551,-0.90935,-0.1113,-0.12038,0.12569,3.0068,0.77001,-0.89047,4.8916
0.032656,-0.07246,-1.0556,-0.14462,-0.17052,0.23157,-1.7559,-2.6186,-3.425,4.8955
0.032734,-0.36043,-1.0476,-0.16679,-0.21279,0.33919,1.2941,3.4743,0.94828,4.8945
0.032812,-0.45838,-0.81729,-0.22358,-0.32943,0.36405,8.6633,3.9341,5.526,4.8854
0.032891,-0.72144,-0.46465,-0.19695,-0.43055,0.34696,6.9501,-0.20548,3.9681,4.8785
0.032969,-0.93032,-0.1248,-0.23283,-0.49518,0.24279,-1.2491,4.9017,-0.57933,4.9009
0.033047,-0.64145,0.24687,-0.24198,-0.53909,0.1403,-0.4796,1.8741,1.4684,4.8826
0.033125,-0.47408,0.49071,-0.24502,-0.45692,0.060391,6.7051,7.6861,5.1556,4.8994
0.033203,-0.45316,0.64247,-0.26195,-0.38598,-0.000716,8.4666,1.6766,5.3756,4.8872
0.033281,-0.52492,0.56757,-0.2365,-0.31556,-0.050282,-0.52176,-0.043064,0.83423,4.8873
0.033359,-0.37239,0.41935,-0.2846,-0.26035,-0.16097,-3.9574,2.4617,-1.2846,4.8903
0.033437,-0.46167,0.25856,-0.2405,-0.23635,-0.22329,3.5978,-1.6879,2.7651,4.8778
0.033516,-0.41966,-0.031227,-0.18982,-0.17626,-0.2377,6.8689,2.0574,2.5233,4.8895
0.033594,0.008449,-0.32546,-0.12882,-0.15315,-0.21302,0.49461,-5.4387,-0.76799,4.9004
0.033672,0.11909,-0.53344,-0.057644,-0.12641,-0.14001,-7.4966,-2.5744,-3.2896,4.8721
0.03375,0.077632,-0.62194,-0.009802,-0.14633,-0.068065,-2.9956,-1.6346,-0.79059,4.8705
0.033828,0.083264,-0.64592,0.081988,-0.1759,0.030248,3.8305,-4.3024,3.0809,4.8988
0.033906,-0.45841,-0.58545,0.097746,-0.19479,0.13334,0.27828,-1.5201,-0.019257,4.8758
0.033984,-0.67132,-0.3165,0.12072,-0.27648,0.23043,-6.7592,-4.8693,-2.5919,4.8667
0.034062,-0.89173,-0.04238,0.14452,-0.33743,0.28286,-5.3636,3.861,0.81864,4.8723
0.034141,-0.91011,0.19837,0.09849,-0.45074,0.27414,5.6761,2.0822,6.4471,4.8814
0.034219,-1.1833,0.38476,0.059303,-0.44595,0.2971,5.5641,1.6185,5.4772,4.8985
0.034297,-1.0467,0.53219,0.001778,-0.38814,0.24921,-4.4232,3.9059,0.24945,4.8977
0.034375,-1.0115,0.72967,-0.025907,-0.33044,0.16251,-7.0308,2.1205,1.9488,4.8767
0.034453,-0.87806,0.78609,-0.056966,-0.25569,0.067954,0.39119,7.1491,6.7022,4.9134
0.034531,-0.38799,0.78909,-0.11198,-0.26223,0.039365,5.4343,-0.10075,9.3045,4.9016
0.034609,-0.13634,0.59856,-0.12895,-0.26999,0.087414,-2.3435,0.48448,4.6196,4.8954
0.034687,0.2551,0.31699,-0.21779,-0.33087,0.12187,-5.4639,-0.57823,1.0409,4.9377
0.034766,0.41537,0.002731,-0.22871,-0.29347,0.18986,2.6868,0.43437,3.1795,4.8989
0.034844,0.72703,-0.32347,-0.25879,-0.20418,0.16319,10.121,5.448,2.7386,4.9202
0.034922,0.70299,-0.53384,-0.21868,-0.11233,0.12425,6.2399,0.5202,1.2216,4.9358
0.035,0.74279,-0.61591,-0.15286,-0.008554,0.055557,-1.9656,5.851,-0.73591,4.9079
0.035078,0.60751,-0.53932,-0.12402,-0.010594,-0.048599,1.5728,2.951,0.7616,4.9149
0.035156,0.46372,-0.27161,-0.032883,0.014738,-0.033656,7.4651,3.2066,3.035,4.8891
0.035234,0.45348,0.00267,-0.007226,-0.004622,-0.02892,3.9307,2.0125,0.8056,4.9218
0.035312,0.42012,0.26854,-0.0147,-0.053825,-0.019135,-6.1415,-3.5595,-2.1775,4.8867
0.035391,0.44006,0.45369,-0.033747,-0.051468,0.016124,-8.4937,1.6844,-2.5098,4.8891
0.035469,0.54131,0.5529,-0.041737,-0.087354,0.090798,0.1367,-1.674,3.1996,4.9063
0.035547,0.35879,0.45853,-0.020175,-0.087199,0.1564,1.4867,1.1154,4.1705,4.8576
0.035625,0.3449,0.28439,-0.041437,-0.10833,0.1547,-5.5365,0.12087,-0.87807,4.9075
0.035703,0.23975,0.13597,0.018568,-0.068233,0.12543,-8.8555,1.5172,-2.9489,4.8722
0.035781,0.12109,-0.083772,0.036703,0.004679,-0.004357,-0.64321,7.0318,-2.2495,4.8915
0.035859,0.21305,-0.18553,0.097338,0.067198,-0.12234,6.5725,1.7264,0.66159,4.8821
0.035937,0.024011,-0.26353,0.15765,0.13897,-0.26326,1.1358,3.648,-2.1317,4.8764
0.036016,-0.020428,-0.19327,0.18671,0.11321,-0.35227,-2.6055,0.61301,-4.25,4.9049
0.036094,-0.18497,-0.12245,0.25904,0.063242,-0.35577,3.6368,2.6539,-1.1613,4.9282
0.036172,-0.22524,-0.040012,0.21997,0.007209,-0.26865,12.846,1.531,2.5756,4.8973
0.03625,-0.16302,0.042711,0.22301,-0.027848,-0.092474,11.138,-4.3432,4.6483,4.9013
0.036328,-0.26204,0.066082,0.1287,-0.004819,0.042755,2.4961,0.30673,1.1384,4.906
0.036406,-0.18985,0.15558,0.059021,-0.004909,0.12344,2.25,-0.38117,1.8021,4.8543
0.036484,-0.2088,0.20179,0.038738,0.071804,0.14532,7.9311,5.4869,5.209,4.892
0.036562,-0.2096,0.21533,-0.016207,0.12848,0.096103,8.2565,5.9229,5.8858,4.8822
0.036641,-0.2506,0.19837,0.020819,0.18008,0.032646,-1.3589,5.5873,4.6125,4.8727
0.036719,-0.2798,0.18446,-0.006788,0.15054,-0.088944,-5.9703,9.5864,-0.21111,4.9167
0.036797,-0.2581,0.15104,0.027764,0.041567,-0.15583,-0.00617,5.5822,1.005,4.8928
0.036875,-0.31932,0.042102,0.033575,-0.018589,-0.11351,1.9992,7.6849,1.5984,4.9089
0.036953,-0.29396,-0.12378,0.031126,-0.067565,0.001573,-3.5144,1.8027,0.26039,4.8883
0.037031,-0.32601,-0.27765,0.084678,-0.008554,0.10968,-9.5037,1.6356,0.12293,4.9191
0.037109,-0.32208,-0.40645,0.053205,0.091235,0.1232,-3.4889,3.4639,0.069979,4.9035
0.037187,-0.26264,-0.45622,0.10745,0.21021,0.11548,5.5747,-1.3983,4.5674,4.8685
0.037266,-0.30852,-0.42437,0.16335,0.35201,0.08064,2.3039,-0.94584,1.4172,4.873
0.037344,-0.21127,-0.27376,0.18918,0.36572,-0.046794,-5.6976,-5.7441,-2.3753,4.9145
0.037422,-0.12666,-0.078488,0.21206,0.3505,-0.22929,-4.6661,-0.90835,-4.3087,4.9233
0.0375,0.009971,0.10674,0.16254,0.26057,-0.37245,5.2175,-1.6022,-4.737,4.8696
0.037578,-0.011655,0.25187,0.17368,0.25227,-0.39958,4.3527,-5.2454,-2.4883,4.8861
0.037656,-0.06625,0.25554,0.080548,0.28095,-0.36665,-4.7809,-3.6376,-6.0876,4.878
0.037734,0.000893,0.1937,0.015645,0.28032,-0.25486,-6.4563,-5.436,-5.1036,4.91
0.037812,-0.094086,0.022286,-0.06447,0.22573,-0.12991,0.8304,0.98147,-3.6131,4.9443
0.037891,0.08148,-0.14438,-0.13212,0.11777,0.002062,5.58,-1.2516,-0.99668,4.8998
0.037969,-0.12399,-0.29161,-0.13339,0.053183,0.11079,-1.7183,1.283,0.75826,4.8724
0.038047,0.033807,-0.37485,-0.20267,0.018753,0.19293,-5.2252,6.1748,-0.69523,4.8812
0.038125,-0.078073,-0.38402,-0.18479,0.012065,0.25506,1.1142,6.5238,4.395,4.8871
0.038203,0.028291,-0.3545,-0.1638,0.022667,0.2543,7.5963,8.5264,5.6807,4.9038
0.038281,0.12285,-0.27001,-0.10387,-0.022503,0.2528,3.2147,1.4087,5.4939,4.8849
0.038359,0.15304,-0.22943,-0.042355,-0.075905,0.28645,-4.7353,4.0721,3.6877,4.8676
0.038437,0.20275,-0.12768,-0.049823,-0.17534,0.38798,-1.3166,2.7638,1.5739,4.8759
0.038516,0.12951,-0.052206,-0.001854,-0.20189,0.50777,5.3022,-0.58188,3.7226,4.9014
0.038594,0.070691,0.001489,-0.024755,-0.18324,0.55898,4.9751,-1.6308,0.59452,4.8976
0.038672,0.005192,0.063361,-0.011674,-0.10808,0.51853,-2.4255,-6.4379,-1.2443,4.8731
0.03875,-0.067327,0.099188,0.014582,-0.029035,0.34796,-3.7789,-0.81771,-4.4247,4.8866
0.038828,0.0169,0.13844,0.023088,-0.036887,0.085786,3.664,-2.0231,-4.3165,4.8744
0.038906,-0.14917,0.1176,0.11654,-0.041797,-0.14905,3.106,-1.613,-1.3216,4.8977
0.038984,-0.12707,0.043636,0.10908,-0.1108,-0.32505,-4.827,-1.4491,-3.3723,4.8855
0.039062,-0.15717,-0.063097,0.16537,-0.17507,-0.4054,-9.4168,-2.9711,-2.1913,4.8918
0.039141,-0.17144,-0.2146,0.16091,-0.22361,-0.43653,-3.2198,0.71281,-3.6628,4.8816
0.039219,-0.055017,-0.34555,0.18845,-0.22535,-0.41633,1.9612,-5.0175,-0.91627,4.8758
0.039297,-0.19319,-0.4829,0.23704,-0.1271,-0.33954,-3.6179,-3.9861,0.92845,4.8779
0.039375,-0.005262,-0.55168,0.18421,-0.060137,-0.26286,-7.5559,-4.2048,-1.0201,4.884
0.039453,-0.079535,-0.47545,0.21653,0.052593,-0.16699,-3.0632,-1.1056,0.28607,4.8855
0.039531,-0.037902,-0.3041,0.19176,0.12846,-0.071088,6.7795,2.9731,-1.0361,4.8773
0.039609,-0.15392,-0.10316,0.18897,0.15699,0.036697,5.8119,-3.0661,2.1407,4.8824
0.039687,-0.25674,0.079993,0.14594,0.15983,0.13525,-0.38921,-0.57414,0.024956,4.8825
0.039766,-0.29829,0.2306,0.051308,0.092685,0.24624,1.3164,-1.4538,-2.6981,4.8705
0.039844,-0.41523,0.33626,0.047094,0.099558,0.38009,6.3586,0.82894,-1.0828,4.885
0.039922,-0.5063,0.33751,-0.051005,0.10786,0.46397,5.7831,-0.043657,1.1092,4.8763
0.04,-0.50614,0.2798,-0.078973,0.13432,0.49485,-4.5222,-3.2293,6.3945,4.872
0.040078,-0.60939,0.15742,-0.15874,0.1433,0.46317,-6.7352,2.6314,2.5567,4.873
0.040156,-0.50484,0.083938,-0.19786,0.13074,0.39683,-0.4106,0.22749,2.2827,4.881
0.040234,-0.5126,0.01193,-0.19877,0.17106,0.27789,1.5938,-0.10303,4.3921,4.8788
0.040312,-0.46282,-0.056175,-0.25375,0.14171,0.11466,-4.6548,-3.3306,3.6054,4.8686
0.040391,-0.41245,-0.092185,-0.22965,0.088437,-0.058531,-11.165,-0.82837,2.0149,4.8821
0.040469,-0.32462,-0.11591,-0.2475,-0.010845,-0.17947,-4.2115,4.5345,-3.6896,4.8783
0.040547,-0.12453,-0.064832,-0.21563,-0.056128,-0.22086,2.0391,-0.46456,-0.77524,4.8933
0.040625,-0.18402,-0.079267,-0.19858,-0.032305,-0.19636,1.0761,-1.9566,-0.70589,4.8685
0.040703,-0.067839,-0.047019,-0.20036,-0.038939,-0.1476,-2.9533,-5.4317,-3.2721,4.8788
0.040781,-0.06888,0.002573,-0.12054,-0.024197,-0.095198,-0.38954,-1.5963,-5.9904,4.894
0.040859,0.027695,0.040951,-0.11292,-0.036332,-0.048232,8.0588,-1.3149,-7.1078,4.8831
0.040937,0.070168,0.070149,-0.065496,-0.021011,0.02586,5.4637,-6.3932,-0.91446,4.8724
0.041016,0.12248,-0.00279,-0.087101,-0.05151,0.092676,-1.5066,-3.6136,-1.8227,4.8941
0.041094,0.1802,0.026121,-0.067129,-0.0948,0.17239,-4.8174,-2.5957,-2.132,4.9188
0.041172,0.18072,0.010883,-0.019748,-0.11643,0.2063,1.0778,1.4261,-1.9007,4.8829
0.04125,0.31235,-0.010339,-0.03583,-0.11993,0.25038,2.9367,-3.2138,0.6126,4.9008
0.041328,0.15003,-0.091029,0.000715,-0.083297,0.29037,-7.0191,-5.2871,3.3046,4.8865
0.041406,0.22929,-0.15226,-0.024365,-0.06207,0.30852,-11.273,-0.08744,-1.1477,4.8919
0.041484,0.19389,-0.12179,0.00577,-0.046588,0.26545,-6.9623,0.29425,1.3516,4.9029
0.041562,0.24858,-0.099582,0.004557,-0.018744,0.22174,0.14666,1.5122,2.1937,4.8708
0.041641,0.19161,-0.065051,-0.047097,-0.03144,0.1703,-3.9858,-4.0847,3.8285,4.8711
0.041719,-0.020684,-0.052577,-0.079531,-0.021268,0.11297,-8.1576,-1.5407,2.5044,4.8613
0.041797,-0.027192,0.029244,-0.16002,-0.04441,0.026417,0.3236,2.346,-2.215,4.8948
0.041875,-0.17938,0.12704,-0.16507,-0.0244,-0.070255,7.9892,1.0174,1.5407,4.8965
0.041953,-0.12732,0.18023,-0.18888,-0.013464,-0.094408,7.6559,0.96846,1.8323,4.9044
0.042031,-0.14133,0.18236,-0.20097,-0.065041,-0.12971,-1.9031,-1.7315,2.7245,4.8871
0.042109,-0.1289,0.19314,-0.14399,-0.090021,-0.11433,-1.0966,4.5903,-0.92483,4.913
0.042187,-0.026109,0.1779,-0.11687,-0.14409,-0.080872,6.9978,3.1613,-2.4352,4.8906
0.042266,0.037022,0.16882,-0.011867,-0.10779,-0.008573,7.2185,-2.6045,1.1675,4.8859
0.042344,0.11774,0.029366,0.002985,-0.099436,0.030315,-0.017057,-3.3734,-2.1976,4.8809
0.042422,0.15231,-0.036438,0.053006,-0.065011,0.068107,-7.1164,-1.9845,-3.4494,4.9487
0.0425,0.13149,-0.081952,0.084642,-0.029071,0.086171,-0.56935,4.9345,-6.8508,4.8926
0.042578,0.31414,-0.10965,0.081406,-0.012521,0.066718,1.2616,0.99014,-3.762,4.8889
0.042656,0.20193,-0.1093,0.13924,0.042832,0.066088,-5.7618,-1.668,-0.59045,4.8918
0.042734,0.17065,-0.08972,0.093076,0.042814,0.055948,-9.6291,-0.68513,-3.174,4.8857
0.042812,0.14091,0.046631,0.13455,0.083366,0.037731,-5.7473,0.6913,-2.3857,4.8892
0.042891,0.051409,0.13246,0.10359,0.12511,0.003488,3.4563,0.15051,-3.4951,4.873
0.042969,0.014361,0.18108,0.078921,0.1462,-0.048483,-1.2925,-7.7311,1.6805,4.8803
0.043047,-0.18911,0.18966,0.083387,0.1802,-0.084226,-7.4554,-5.6682,0.76493,4.8697
0.043125,-0.05322,0.20621,0.028101,0.12532,-0.12161,-4.0097,-2.6048,-2.3503,4.8855
0.043203,-0.22049,0.22179,0.053589,0.12576,-0.12566,4.2967,-2.2905,-0.35236,4.8713
0.043281,-0.11087,0.18444,0.022908,0.084523,-0.096427,7.8458,-5.4333,0.6848,4.8768
0.043359,-0.099773,0.14016,0.031312,0.035047,-0.062649,-1.1092,-7.2164,4.6232,4.8765
0.043437,-0.25233,0.1023,0.034878,-0.000112,-0.040032,-1.7696,1.7565,-0.75322,4.8709
0.043516,-0.022955,0.077838,0.024487,-0.055877,-0.006817,4.2634,4.0647,-2.6602,4.8852
0.043594,-0.11677,0.028075,0.10493,-0.047781,0.003433,6.9468,2.8951,-1.381,4.8731
0.043672,0.033716,-0.047311,0.1021,-0.071371,0.006266,-0.27366,-1.1892,-1.1162,4.8873
0.04375,-0.054822,-0.081982,0.16717,-0.083017,-0.006138,-9.5595,0.81006,-0.048381,4.9051
0.043828,-0.054195,-0.082122,0.16145,-0.10243,-0.009148,-2.8823,7.8163,-6.2918,4.8636
0.043906,0.020054,-0.050112,0.16154,-0.10023,-0.000692,1.7516,3.0868,-3.1997,4.891
0.043984,-0.11119,-0.03667,0.1498,-0.062088,0.012134,-0.35118,-0.73621,-1.3179,4.8889
0.044062,-0.003612,-0.020092,0.039776,-0.088249,0.028265,-6.3242,-1.3051,-1.6263,4.8658
0.044141,-0.10687,0.053066,0.015374,-0.052775,0.046874,-3.5412,3.6866,-3.6812,4.8677
0.044219,-0.069276,0.096315,-0.076992,-0.038593,0.042872,7.7759,1.7272,-7.3655,4.8903
0.044297,-0.045543,0.12361,-0.074411,0.014434,0.012465,5.7802,-7.1355,-0.79145,4.8735
0.044375,-0.090299,0.083999,-0.070671,0.05477,-0.021687,-0.003709,-6.8607,-1.9498,4.8635
0.044453,0.009131,0.070319,-0.09329,0.046627,-0.045601,-3.4709,-5.0625,-3.0191,4.8822
0.044531,0.012309,0.06873,-0.03921,0.078313,-0.053103,2.0404,-3.8219,-4.2656,4.9021
0.044609,0.10877,0.029226,-0.054763,0.069525,-0.051016,3.7687,-10.078,-3.4689,4.8654
0.044687,0.054904,-0.027751,0.016137,0.066255,-0.031012,-6.3434,-12.071,1.6153,4.9733
0.044766,0.028535,-0.075809,0.015152,0.049801,-0.009742,-9.1913,-5.6549,-1.726,4.8796
0.044844,0.15875,-0.068053,0.011827,0.024325,0.0155,-5.3577,-1.1889,0.18248,4.9496
0.044922,0.063014,-0.034624,0.13833,0.062151,0.016192,1.9868,0.44074,0.50734,4.9654
0.045,0.1637,0.038413,0.33053,0.030912,-0.075567,-2.7609,-3.9948,1.8322,4.8612
0.045078,0.13461,0.20713,0.31974,0.04788,-0.15551,-10.803,0.22438,0.12481,4.9693
0.045156,0.11892,0.24428,0.22939,-0.019728,-0.070102,-4.7626,4.8227,-7.4726,4.8727
0.045234,0.32707,0.18187,0.3646,-0.1164,0.077286,2.1432,0.39434,-5.9782,4.893
0.045312,0.21316,0.078027,0.38697,-0.26824,0.083608,3.8951,-4.7347,-6.7701,4.8528
0.045391,0.24414,0.01092,0.28464,-0.39194,0.012447,-4.0122,-5.8336,-5.5229,4.8749
0.045469,0.011219,0.046832,0.52311,-0.27236,-0.011345,-3.3859,0.51953,-8.4948,4.8802
0.045547,0.19321,0.088607,0.46285,-0.004258,-0.080591,5.7741,-0.63718,-8.8612,4.855
0.045625,0.32387,0.19445,0.27282,0.28663,-0.13658,6.9206,-5.3029,-1.301,4.8796
0.045703,0.24606,0.13632,0.27475,0.27852,-0.12341,2.0649,-6.1243,-0.88526,4.9812
0.045781,0.3824,0.066161,0.36107,-0.049481,-0.16449,-4.7854,-1.3533,0.97376,4.9041
0.045859,0.27321,0.077083,0.45482,-0.29612,-0.26158,-0.23272,3.3494,-1.535,4.8456
0.045937,0.35373,0.20705,0.37933,-0.27403,-0.2608,0.3268,-2.4805,2.0233,4.8308
0.046016,0.26585,0.24286,0.16372,0.089493,-0.065966,-7.3111,-5.7078,6.2547,4.9113
0.046094,0.2534,0.090038,0.019691,0.4515,0.12702,-12.41,-4.4379,0.5546,4.8885
0.046172,0.39106,-0.009426,-0.011332,0.52607,-0.040106,-12.134,-1.5263,-2.5226,4.8548
0.04625,0.36418,0.011881,-0.015162,0.26497,-0.30902,-3.67,-4.1355,-7.3166,4.8577
0.046328,0.47431,0.12841,-0.006716,-0.036177,-0.36352,-5.7804,-9.7807,-3.7497,4.8988
0.046406,0.32365,0.075652,-0.13861,-0.086501,-0.11687,-9.9817,-6.6601,-4.1051,4.8869
0.046484,0.27059,-0.060546,-0.35535,0.088527,0.1352,-6.9887,-1.7061,-8.0573,4.8887
0.046562,0.34943,-0.059919,-0.44131,0.30191,0.14697,0.31166,-0.083457,-7.0837,4.8735
0.046641,0.3454,-0.053034,-0.47344,0.29998,-0.042713,4.4315,-6.8125,-6.7686,4.8989
0.046719,0.5467,-0.067292,-0.34954,0.13048,-0.19427,-4.7337,-9.5093,-2.1629,4.861
0.046797,0.37497,-0.11525,-0.18722,0.046692,-0.092077,-5.3373,-3.5904,-6.8267,4.9025
0.046875,0.38307,-0.040974,-0.25528,0.10459,0.13131,-0.51881,-0.79998,-8.1501,4.889
0.046953,0.2428,0.092759,-0.2723,0.30184,0.29866,1.9623,-3.4576,-4.2506,4.8897
0.047031,0.16274,0.049054,-0.29471,0.32375,0.25916,-2.0307,-8.0635,-3.2165,4.9107
0.047109,0.21649,0.008551,-0.2733,0.21024,0.086894,-8.6944,-0.95371,-1.8699,4.9033
0.047187,0.18414,0.01056,-0.29488,0.083593,0.011419,-1.5956,6.0619,-6.9465,4.9088
0.047266,0.39017,0.081332,-0.34355,0.035876,0.077084,3.3414,3.9804,-3.1519,4.8853
0.047344,0.23723,0.073643,-0.31226,0.14949,0.1163,1.9662,-0.28458,-1.0514,4.8917
0.047422,0.15901,0.045523,-0.30873,0.28539,0.047804,-5.6329,-1.5311,-2.278,4.8934
0.0475,0.060852,0.095048,-0.27348,0.41255,-0.12869,-6.8595,3.6551,-3.0513,4.8743
0.047578,0.13047,0.17839,-0.26806,0.43918,-0.25733,0.71812,-1.2429,-5.4408,4.8709
0.047656,0.22625,0.26667,-0.26441,0.33432,-0.28404,-2.0417,-9.6062,0.36406,4.8837
0.047734,0.19728,0.25055,-0.25928,0.18555,-0.25448,-6.8184,-11.487,-0.93635,4.8912
0.047812,0.30657,0.22891,-0.2485,0.071953,-0.23227,-9.8526,-6.0927,-1.9747,4.866
0.047891,0.35269,0.22042,-0.14356,0.12348,-0.22826,-2.3022,-2.312,-3.6217,4.8691
0.047969,0.66968,0.18705,-0.12973,0.1874,-0.24753,3.4586,-8.7026,-3.8081,4.8901
0.048047,1.2556,0.13046,-0.095631,0.21627,-0.24022,-2.7232,-8.3895,0.5848,4.9001
0.048125,1.098,0.088133,-0.091141,0.10289,-0.18743,-3.7042,-3.1724,-4.7506,4.9356
0.048203,0.95984,0.13845,-0.07782,-0.056175,-0.12103,-0.81048,1.6503,-5.2463,4.9
0.048281,0.57789,0.18371,0.069917,-0.10003,-0.052308,5.5975,-3.187,-5.5779,4.8898
0.048359,0.18861,0.18468,0.12571,-0.10502,-0.034139,0.75056,-10.192,-3.0766,4.8713
0.048437,0.38864,0.19382,0.15312,-0.060483,-0.052259,-7.6048,-3.6062,-1.782,4.9043
0.048516,-0.085428,0.19107,0.11926,-0.11103,-0.016516,-4.7503,1.5582,-6.9764,4.9267
0.048594,-0.17834,0.22767,0.10131,-0.19107,0.040779,-1.4992,1.5011,-4.6581,4.8975
0.048672,-0.36041,0.25458,0.17021,-0.22055,0.097149,0.51392,-4.9605,-3.9257,4.8887
0.04875,-0.52839,0.30503,0.13032,-0.2619,0.050833,-6,-2.8755,-0.071341,4.901
0.048828,-0.87726,0.39542,0.093322,-0.22577,-0.044652,-4.8317,6.5749,-1.6321,4.9157
0.048906,-0.80814,0.43066,-0.02679,-0.20824,-0.040271,3.3453,5.9093,-3.3084,4.8923
0.048984,-0.52368,0.41644,-0.056024,-0.25791,-0.024079,3.2166,0.55561,3.2084,4.877
0.049062,-0.47275,0.27785,-0.050885,-0.30698,0.03603,-1.0724,-6.6616,2.9318,4.8839
0.049141,-0.2077,0.19804,-0.089466,-0.3828,0.040987,-7.4782,-1.0682,2.3666,4.8928
0.049219,-0.070932,0.13222,-0.087719,-0.37348,-0.012863,-1.4045,2.4947,-3.6434,4.9031
0.049297,0.40046,0.026005,-0.13568,-0.3357,-0.047155,1.7947,-3.6852,-2.3498,4.8857
0.049375,0.39273,-0.10025,-0.072922,-0.27735,-0.070164,-3.724,-5.185,2.9127,4.883
0.049453,0.57673,-0.16911,-0.01503,-0.30801,-0.036814,-7.6389,-2.8203,0.44364,4.8873
0.049531,0.62831,-0.13411,0.074899,-0.32671,-0.013242,-5.7874,6.2156,0.90298,4.8759
0.049609,0.59814,-0.09179,0.20008,-0.32933,-0.022556,3.2605,2.5505,-0.29717,4.8901
0.049687,0.61933,-0.084539,0.22166,-0.37958,-0.027518,0.2617,-2.7702,6.0179,4.8901
0.049766,0.27382,-0.06826,0.28984,-0.3901,-0.006921,-4.4387,-0.43637,5.7387,4.8982
0.049844,0.32214,-0.056681,0.26858,-0.38722,0.039237,-2.7899,2.4934,-0.27593,4.8896
0.049922,0.30361,0.020873,0.32135,-0.28112,0.039696,3.0125,5.1276,-0.33478,4.8807
0.05,0.21081,0.022724,0.34936,-0.13756,-0.041825,5.7259,-5.2808,-0.86657,4.8789
0.050078,0.21211,0.023954,0.32261,-0.059272,-0.11434,-1.5336,-5.494,2.2026,4.8883
0.050156,0.049327,0.046589,0.32931,-0.0114,-0.13911,-0.13719,1.903,-3.8475,4.8806
0.050234,0.3201,0.048951,0.25933,-0.061927,-0.14569,4.4131,5.3484,-5.9996,4.8913
0.050312,0.0885,0.076955,0.27116,-0.035485,-0.13626,7.2842,2.7401,-1.9139,4.8804
0.050391,0.26294,0.05331,0.23951,-0.023624,-0.099487,3.5697,-5.1444,0.19358,4.8903
0.050469,0.023969,0.053267,0.23711,0.028895,-0.063904,-2.1655,2.2138,2.4768,4.8853
0.050547,0.052018,0.08465,0.28073,0.11141,-0.039249,3.6774,5.0638,-2.0696,4.8971
0.050625,-0.092491,0.08585,0.27627,0.14017,-0.014466,4.8708,1.6874,3.8571,4.8984
0.050703,-0.12766,0.1219,0.36804,0.14848,0.035186,1.9668,-2.4264,8.7824,4.8802
0.050781,-0.32438,0.065339,0.35954,0.081857,0.13157,-5.3268,-1.0416,7.4565,4.9056
0.050859,-0.18088,0.086276,0.3556,0.057843,0.18193,-4.7006,11.398,5.3358,4.8802
0.050937,-0.36062,0.014639,0.33739,0.068737,0.21233,4.4906,9.1953,2.2445,4.8806
0.051016,-0.038255,0.037786,0.3034,0.097756,0.21791,3.9812,5.6526,8.1764,4.9052
0.051094,-0.265,-0.039531,0.30913,0.15214,0.21718,1.9223,4.4452,5.7989,4.8957
0.051172,0.33148,-0.017146,0.25412,0.14809,0.16617,0.8156,9.6855,2.2586,4.8858
0.05125,-0.1095,-0.049874,0.24146,0.20765,0.078229,8.4297,12.411,1.3025,4.8957
0.051328,0.79991,-0.011776,0.19005,0.26382,0.00604,12.189,-1.2756,2.3013,4.9058
0.051406,-0.32827,-0.14192,0.12442,0.33659,-0.014472,5.2431,-5.1476,6.6836,4.8914
0.051484,1.8097,-0.068467,0.081784,0.40579,-0.009069,2.87,-4.7413,-0.002345,4.8921
0.051562,-8.0978,0.18169,-0.008415,0.43966,-0.028632,4.5225,0.90092,-1.8057,4.8935
0.051641,-5.2951,1.5919,-0.004633,0.50151,-0.1254,10.479,-1.0303,-0.41023,4.8982
0.051719,10.441,2.3084,-0.061708,0.47999,-0.2032,5.712,-7.955,4.162,4.8971
0.051797,-5.3513,1.7228,-0.064104,0.45553,-0.24293,-0.036638,1.3968,6.0538,4.8935
0.051875,-0.40884,0.84866,-0.16355,0.42007,-0.2048,3.0249,6.8941,-0.43992,4.8219
0.051953,2.1303,0.53394,-0.22724,0.21952,-0.14206,7.6664,10.439,2.9683,4.9004
0.052031,-1.9543,0.73667,0.11353,0.095471,-0.058512,9.6793,2.5403,7.7807,4.9129
0.052109,-0.8871,0.64509,0.59983,0.42103,-0.090094,-2.2173,1.318,10.836,4.906
0.052187,0.37066,0.072858,0.5444,0.84354,-0.083669,-4.2591,9.8865,6.6375,4.8569
0.052266,11.179,-1.5722,0.092481,0.64554,0.17253,2.5062,7.3145,3.8991,4.8903
0.052344,3.6164,-1.6162,-0.41608,0.10757,-0.16948,3.3288,2.6867,11.276,4.9051
0.052422,0.90797,-0.99094,-0.40332,-0.55429,-0.18592,0.17211,-2.9148,9.5656,4.9079
0.0525,-0.18046,-0.91087,-0.052662,-0.97125,0.87895,-5.7081,9.0354,6.9557,4.8801
0.052578,-2.1344,-0.76953,-0.063827,-1.1328,1.0089,5.6756,12.195,2.7551,4.8707
0.052656,7.9351,-0.049065,-0.014442,-0.89996,0.1584,10.312,1.2504,2.8901,4.8995
0.052734,0.004973,0.17734,-0.38128,0.026449,-0.24255,4.9739,-0.34879,7.4499,4.8855
0.052812,-1.7624,-0.4568,-0.78315,0.34377,0.52907,5.3014,4.344,-1.1965,4.8998
0.052891,-3.9483,-0.31978,-1.1436,0.27723,0.65155,4.1939,10.014,-1.7976,4.886
0.052969,0.74403,0.74904,-0.85433,0.25863,-0.58433,9.0475,1.4569,-3.1421,4.8931
0.053047,-1.0731,0.52459,-0.57288,0.52301,-1.2488,3.7574,-6.2751,1.8009,4.8735
0.053125,1.7982,0.11681,-0.11173,0.82639,-0.74037,2.0824,0.3111,6.4371,4.8641
0.053203,-1.6218,-0.065746,0.040527,1.0278,-0.42969,3.6492,4.6736,-1.012,4.889
0.053281,-5.3793,0.572,-0.046341,1.4383,-0.8361,0.51043,6.3773,4.3103,4.8836
0.053359,0.23389,0.74833,0.8579,1.0983,-0.51449,1.0601,-0.66898,4.1826,4.8955
0.053437,-2.7332,0.73029,0.9965,0.39485,0.13673,-0.37606,2.9584,9.4654,4.8775
0.053516,0.50264,1.2616,0.90672,0.032201,-0.19886,5.0196,11.39,3.1843,4.8927
0.053594,-1.4135,0.53374,0.81325,-0.67582,-0.39516,6.0293,5.2164,-3.3231,4.8871
0.053672,-1.0609,0.25213,0.86814,-1.1591,0.35959,1.2082,-1.0945,2.112,4.8943
0.05375,-2.9518,-0.17112,1.3372,-1.4785,1.3505,2.6468,-6.4368,2.7956,4.8853
0.053828,3.9889,-0.65357,0.7968,-1.5479,1.2488,-0.70096,1.1314,3.9912,4.8839
0.053906,2.0808,-1.6594,0.3938,-1.6242,0.58711,1.6879,0.98036,-2.9792,4.8893
0.053984,1.8933,-2.6054,0.23441,-1.4473,0.40403,-3.9879,-6.136,-1.4238,4.8974
0.054062,2.9275,-2.7166,-0.054829,-1.08,0.57281,-3.5894,-5.5226,7.5329,4.8942
0.054141,2.7248,-3.5778,-0.11967,-0.05491,0.54545,-3.9956,-0.34097,3.7894,4.8822
0.054219,2.0974,-3.6053,-0.28334,0.61905,0.18937,-2.4427,9.6296,-2.8699,4.9117
0.054297,4.3884,-3.6015,0.026126,1.0789,-0.072391,1.9281,3.9773,-3.5722,4.8982
0.054375,3.3516,-2.6761,-0.30739,1.3826,-0.88667,-0.50103,-2.13,4.8355,4.8978
0.054453,1.2628,-1.8508,-0.82723,1.6133,-1.7051,0.49693,-0.14297,6.0577,4.9161
0.054531,-0.19839,-0.28613,-0.53159,1.2875,-1.1748,-3.9866,2.6158,-10.45,4.9098
0.054609,-1.8755,1.4501,0.04785,1.4666,-0.47293,-1.6924,3.7909,-10.273,4.9113
0.054687,-2.6289,2.4063,-0.15131,1.4897,-0.3714,2.4502,-3.8538,-5.7694,4.8925
0.054766,-1.206,3.3771,-0.49466,1.2447,-0.83521,1.4675,-5.7218,-1.8034,4.927
0.054844,-2.1407,3.3779,-0.67191,0.48749,-0.7111,2.8371,-2.251,-7.655,4.8875
0.054922,-4.8757,3.3535,-0.62523,-0.13211,0.054174,1.9308,6.1021,-13.157,4.9
0.055,-2.1328,2.5334,-0.84307,-1.0515,0.46799,2.9203,5.6805,-1.2039,4.8662
0.055078,-2.8213,1.2578,-1.0016,-1.2151,0.90668,3.8999,-1.4113,3.9429,4.8992
0.055156,-2.0151,-0.10663,-0.73511,-1.0296,1.3247,3.7086,-2.4358,3.7822,4.9087
0.055234,-0.20235,-1.1349,-0.20333,-0.92689,1.5931,-0.51286,-1.0548,-4.7186,4.933
0.055312,-0.14626,-1.8329,0.050767,-0.76816,0.75132,-2.5593,-4.6122,1.0859,4.9368
0.055391,-1.0506,-2.4041,0.24656,-0.58666,0.40175,-4.1207,-10.121,9.2304,4.8799
0.055469,0.056396,-2.2933,0.57066,-0.66738,0.63235,-5.9783,-15.739,1.9965,4.8965
0.055547,0.68003,-1.8226,0.83435,-0.79238,0.71498,-7.5529,-7.0255,-0.32292,4.8864
0.055625,0.30127,-1.0294,0.77177,-0.65505,0.41525,-8.0307,3.6308,1.8902,4.911
0.055703,1.6657,0.17137,0.69768,-0.30295,-0.21521,-4.1156,-2.7125,7.9192,4.9078
0.055781,-0.14214,0.96866,0.98022,-0.04416,-0.25307,-5.1824,-7.7539,6.5566,4.9255
0.055859,1.0383,1.6261,0.99951,0.11446,-0.25429,-6.4514,0.75258,-4.8006,4.8918
0.055937,1.0764,1.8319,0.57323,0.28491,-0.70804,-4.0614,12.928,-7.5993,4.9713
0.056016,1.2428,2.0655,0.067906,0.37236,-0.93578,-0.29357,5.5005,-3.6483,4.9211
0.056094,0.82393,1.6582,-0.06447,0.30039,-0.74083,-2.5393,-9.5142,-1.503,4.8966
0.056172,1.6272,0.75203,-0.56684,0.1219,-0.36793,-9.612,-7.2677,-9.399,4.8974
0.05625,1.5852,-0.12231,-0.93149,-0.045574,-0.42355,-2.223,5.8206,-16.633,4.8977
0.056328,1.0851,-0.87049,-1.2217,-0.21872,-0.37504,2.9246,7.7273,-12.23,4.8679
0.056406,0.7613,-1.4608,-1.0952,-0.57204,0.049223,-1.5829,-9.6716,-7.3814,4.863
0.056484,-0.48915,-2.1946,-0.81929,-0.72681,0.63415,-3.6094,-10.791,-6.1001,4.9624
0.056562,-0.79245,-2.2262,-0.84643,-0.86385,0.79692,0.79265,5.1853,-10.523,4.9102
0.056641,-1.5759,-1.6705,-0.59584,-0.77739,0.83234,8.3609,7.6283,-9.333,4.9038
0.056719,-1.1252,-0.83997,-0.26147,-0.76098,0.90981,-0.007922,-6.5851,3.3167,4.8917
0.056797,-1.7873,-0.078524,-0.0352,-0.81388,0.7517,-4.9526,-17.288,8.9251,4.9209
0.056875,-1.9805,0.68665,0.077438,-0.94389,0.59322,-0.91364,-5.9256,3.515,4.8845
0.056953,-2.6048,1.6507,0.24996,-0.96513,0.47111,0.2806,1.2589,-1.2284,4.9064
0.057031,-2.2827,2.1966,0.38851,-0.83233,0.33838,-5.7262,-7.4785,4.4925,4.8949
0.057109,-1.5802,2.3186,0.33465,-0.52432,0.039347,-11.459,-12.919,11.663,4.8678
0.057187,-0.97174,2.1017,0.3623,-0.11144,-0.32509,-4.2819,-1.9837,4.2577,4.91
0.057266,0.24233,1.8013,0.295,0.29013,-0.56258,1.9242,11.724,-4.7919,4.8652
0.057344,1.1037,1.5164,0.23168,0.58671,-0.69828,-0.60078,4.156,-4.0899,4.8661
0.057422,1.2255,0.80872,0.21789,0.56695,-0.81268,-4.0059,-4.5554,5.346,4.9003
0.0575,1.254,0.067141,-0.071733,0.47321,-0.70529,-2.341,-1.1051,-2.428,4.8699
0.057578,1.6028,-0.39097,-0.19854,0.48293,-0.57844,4.716,10.836,-16.939,4.9155
0.057656,1.7986,-0.65826,-0.31367,0.41042,-0.31667,3.2928,8.3007,-12.728,4.9678
0.057734,1.6179,-0.94302,-0.236,0.24295,-0.18673,4.0193,-7.2936,-4.0344,4.9027
0.057812,0.98713,-1.228,-0.23516,0.15279,0.052075,1.8433,-7.1333,1.5505,4.9135
0.057891,0.52777,-1.0482,-0.14021,-0.033295,0.3332,-0.77001,6.7481,-7.2447,4.8883
0.057969,-0.019941,-0.54649,-0.076445,-0.007629,0.49365,4.0018,15.124,-8.6016,4.8887
0.058047,-0.72413,-0.12118,-0.13079,0.036974,0.5194,0.8873,0.48345,1.7402,4.8806
0.058125,-0.82316,0.22603,-0.10956,0.20568,0.52709,-0.90038,-6.4434,5.746,4.9116
0.058203,-1.2967,0.57866,-0.3928,0.16021,0.63778,-4.4381,3.2087,2.6706,4.8666
0.058281,-1.2881,0.89692,-0.50809,0.22841,0.63921,-0.86374,10.306,-7.457,4.8953
0.058359,-1.4952,0.85462,-0.61131,0.38702,0.40168,0.21604,1.4804,0.90975,4.9021
0.058437,-1.2351,0.47732,-0.61981,0.63731,0.23575,-5.4482,-10.197,6.5432,4.9068
0.058516,-1.2651,0.12481,-0.58312,0.89432,0.015886,-4.1336,-5.48,-0.011416,4.8943
0.058594,-1.1329,-0.008397,-0.49578,0.99307,-0.2628,-5.2309,3.4549,-3.7391,4.911
0.058672,-0.77002,-0.14631,-0.38832,0.91854,-0.58533,-2.2701,-0.6976,-5.3709,4.9093
0.05875,-0.20776,-0.32818,-0.36351,0.78561,-0.71716,-0.099831,-8.3167,7.9506,4.8943
0.058828,0.18909,-0.45854,-0.1677,0.51523,-0.6113,-1.6613,-6.8525,5.769,4.8932
0.058906,0.51644,-0.31934,-0.17616,0.29368,-0.45923,3.1366,7.6119,-3.4115,4.8638
0.058984,0.71069,-0.1829,-0.054667,0.004029,-0.25832,3.2228,11.534,0.30841,4.8798
0.059062,0.58046,-0.25124,0.11655,-0.1542,-0.033454,5.9655,-0.7403,6.9825,4.8943
0.059141,0.52838,-0.42339,0.23699,-0.29324,0.073015,5.0944,-9.4961,10.525,4.877
0.059219,0.64387,-0.34946,0.34321,-0.2688,0.24822,6.9395,0.13155,-6.7522,4.8759
0.059297,0.87271,-0.18479,0.28584,-0.23442,0.29745,5.0355,14.27,-8.8966,4.8661
0.059375,0.63516,-0.17048,0.18985,-0.15246,0.19367,2.9606,2.7281,2.9196,4.8799
0.059453,0.33609,-0.076819,0.042826,-0.083518,-0.062527,0.59308,-1.0819,6.1147,4.8717
0.059531,0.030033,0.17243,0.060168,-0.036523,-0.25099,-2.6881,5.5625,4.0298,4.8772
0.059609,-0.23878,0.41034,0.064598,-0.13211,-0.33313,0.89762,16.48,-6.6838,4.877
0.059687,-0.61784,0.39837,0.06862,-0.075386,-0.38235,1.7333,10.128,6.8123,4.8697
0.059766,-0.71643,0.31374,0.089162,-0.005129,-0.43342,3.2111,-2.4855,12.754,4.8761
0.059844,-0.78871,0.2374,0.087943,0.011683,-0.28447,0.78318,1.9639,7.1382,4.8796
0.059922,-0.68225,0.17472,0.18916,0.068451,-0.086655,3.7855,4.6973,7.039,4.8804
0.06,-0.71678,0.10547,0.2735,0.088551,-0.060856,5.415,1.2814,7.7386,4.8756
0.060078,-0.81631,0.007711,0.40072,0.067335,-0.17725,2.6551,-10.638,19.129,4.8785
0.060156,-0.74647,-0.044736,0.6472,-0.085236,-0.14563,0.72464,-8.4257,10.781,4.8839
0.060234,-0.80055,-0.12988,0.78691,-0.28993,-0.050827,2.1274,2.3686,-0.63446,4.881
0.060312,-0.30957,-0.1741,0.80683,-0.45828,-0.016547,8.2864,2.5412,0.95021,4.8748
0.060391,0.041345,-0.24376,0.71454,-0.47772,-0.071999,5.6856,1.6803,4.5733,4.8696
0.060469,0.4723,-0.33854,0.63514,-0.5342,0.038692,4.7986,-3.0404,10.993,4.879
0.060547,0.62865,-0.31346,0.55757,-0.4575,0.29908,6.6151,9.6545,-2.2814,4.8921
0.060625,0.83105,-0.1641,0.33097,-0.34052,0.42878,6.2639,13.524,-4.7295,4.8871
0.060703,0.96603,0.018724,0.18619,-0.1762,0.44611,2.9387,3.7237,3.8543,4.8772
0.060781,1.1487,0.084845,0.003123,-0.017366,0.38167,0.72484,-1.2212,8.283,4.8866
0.060859,1.5288,0.084291,-0.11043,0.071869,0.42383,4.8908,3.0147,6.3528,4.8973
0.060937,1.5237,0.12708,-0.16169,0.083879,0.4051,3.0465,15.804,-9.2407,4.8933
0.061016,1.4631,0.14373,-0.25847,0.07036,0.22308,2.7503,10.288,1.1345,4.8812
0.061094,0.9471,0.098397,-0.18261,0.17987,0.022354,6.2144,5.1443,9.272,4.8913
0.061172,0.80136,-0.076515,-0.083331,0.26477,-0.17814,5.4848,8.219,8.0571,4.8929
0.06125,0.15024,-0.14072,0.030766,0.28314,-0.28808,8.9379,13.752,2.3475,4.9305
0.061328,-0.33476,-0.13879,0.08541,0.31119,-0.36607,5.5567,10.852,-3.3124,4.9412
0.061406,-0.946,-0.23921,0.15087,0.23641,-0.36443,4.9254,-2.5965,14.568,4.9106
0.061484,-1.5038,-0.40198,0.18712,0.13661,-0.27843,2.2151,-3.7229,15.977,4.8919
0.061562,-1.8265,-0.48635,0.18801,0.023329,-0.25443,0.28109,3.6759,9.7125,4.8976
0.061641,-2.087,-0.41984,0.18602,0.030584,-0.20348,4.6144,6.5375,5.4423,4.8979
0.061719,-2.1855,-0.48804,0.15898,0.14362,-0.17153,-0.089449,-1.4301,6.8907,4.9132
0.061797,-2.2105,-0.53692,0.14537,0.1962,0.026582,0.91363,-4.5894,16.064,4.9012
0.061875,-1.8769,-0.53629,0.14563,0.20629,0.1273,0.95942,9.8643,1.3151,4.897
0.061953,-1.2431,-0.34577,0.0852,0.14334,0.17866,4.5579,16.734,-2.8945,4.8971
0.062031,-0.4825,-0.14479,0.024523,0.16113,0.27275,5.5008,11.741,-0.61661,4.8877
0.062109,-0.072807,-0.15405,-0.027672,0.22581,0.32687,2.0081,4.0235,6.8757,4.8985
0.062187,0.47269,-0.13906,-0.11268,0.28405,0.41156,10.754,6.5531,7.934,4.9222
0.062266,0.6121,-0.1949,-0.17345,0.36796,0.4073,8.9506,11.42,-9.8,4.8885
0.062344,1.2581,-0.17972,-0.23295,0.4145,0.35953,7.3111,-0.91393,-4.0116,4.8591
0.062422,0.98104,-0.26942,-0.24089,0.33151,0.37558,2.2309,-10.937,2.628,4.8998
0.0625,0.90942,-0.39626,-0.29188,0.17132,0.34228,4.1486,-7.823,8.8263,4.8905
0.062578,0.66472,-0.31175,-0.35956,-0.07263,0.26098,9.2253,4.4322,1.3973,4.8826
0.062656,0.21782,-0.22748,-0.43194,-0.28075,0.092621,0.76219,5.0116,-4.7891,4.8739
0.062734,-0.16328,-0.12693,-0.43039,-0.39186,0.028081,5.9246,-2.8085,14.174,4.9018
0.062812,-0.55139,-0.16376,-0.33668,-0.37655,-0.04434,3.1888,3.4591,14.653,4.8662
0.062891,-0.5266,-0.13005,-0.26327,-0.40397,-0.16335,0.88549,8.8567,8.4631,4.9017
0.062969,-0.51655,-0.011338,-0.16472,-0.37613,-0.25593,1.0369,10.662,-2.4882,4.8982
0.063047,-0.49886,0.053078,-0.1033,-0.35093,-0.20128,-4.0176,0.27036,2.3622,4.9074
0.063125,-0.48127,0.11638,-0.083613,-0.34574,-0.043,1.4224,-3.3481,15.8,4.8739
0.063203,-0.40944,0.061699,-0.006968,-0.26441,-0.03529,-3.3186,7.8347,-0.06538,4.8941
0.063281,-0.19982,0.090227,0.024637,-0.20421,-0.045625,3.8982,5.0814,-7.4452,4.9273
0.063359,-0.17955,0.14777,0.094534,-0.091554,-0.010103,7.9208,2.4756,-4.9899,4.9026
0.063437,-0.26308,0.042918,0.16548,-0.047823,-0.041073,5.545,-3.4327,12.404,4.8889
0.063516,-0.162,-0.072144,0.18592,-0.053938,-0.049793,9.4529,1.6422,13.986,4.8881
0.063594,-0.32381,-0.19683,0.099871,-0.1689,0.01468,6.413,6.2497,-2.8542,4.8816
0.063672,-0.32053,-0.12616,-0.03481,-0.21919,0.19848,11.077,-0.34754,2.4005,4.8892
0.06375,-0.36565,-0.10665,-0.16277,-0.17723,0.22893,5.9025,-4.247,10.355,4.8857
0.063828,-0.40789,-0.22065,-0.32286,-0.18482,0.16805,2.2323,-7.9743,15.031,4.9332
0.063906,-0.30672,-0.26555,-0.4148,-0.209,0.13913,2.5321,-0.23264,-3.9284,4.8925
0.063984,-0.017494,-0.25275,-0.5148,-0.28658,0.17122,-3.5034,0.68857,-16.99,4.8982
0.064062,0.43509,-0.22563,-0.58172,-0.43156,0.16807,-6.5508,-4.1203,-1.4007,4.8885
0.064141,0.7742,-0.34076,-0.57009,-0.4703,0.068921,-13.602,3.2663,1.5546,4.8775
0.064219,0.84822,-0.43548,-0.59027,-0.49501,0.05448,-7.5283,6.8089,-6.5701,4.882
0.064297,0.85784,-0.32851,-0.52696,-0.41782,0.079006,-4.2703,15.875,-19.075,4.8794
0.064375,0.68948,-0.25611,-0.45709,-0.33289,0.068083,-6.5237,9.0173,-8.0954,4.857
0.064453,0.66238,-0.19965,-0.28994,-0.22403,0.055434,-4.2881,2.0612,10.875,4.8937
0.064531,0.18244,-0.23592,-0.15557,-0.16884,0.064834,-6.4121,2.0584,2.1385,4.8986
0.064609,-0.057549,-0.13955,-0.083691,-0.14969,0.13309,3.8388,-3.3643,-4.4853,4.8872
0.064687,-0.5287,0.030772,0.026156,-0.081668,0.11097,-0.66898,-0.13068,-4.7345,4.8706
0.064766,-0.95945,0.055142,0.080938,-0.003733,0.094237,-4.2977,-10.896,11.501,4.881
0.064844,-1.0751,0.086958,0.21831,0.10869,0.10328,-2.3268,-3.2223,13.469,4.8677
0.064922,-1.2685,0.12634,0.25724,0.17539,0.023859,0.67197,2.0707,-4.5314,4.8851
0.065,-1.1808,0.3196,0.29205,0.17677,-0.093307,6.3767,1.8325,-3.5307,4.8905
0.065078,-1.2153,0.41249,0.30215,0.18607,-0.26468,-5.8487,3.9029,-1.8333,4.8693
0.065156,-0.90312,0.33608,0.2956,0.11892,-0.30903,-3.4018,-0.51795,7.2819,4.9039
0.065234,-0.68953,0.36799,0.2907,0.063433,-0.25534,0.06701,10.108,-2.4677,4.8638
0.065312,-0.31215,0.38322,0.2274,0.020209,-0.17914,4.8392,4.2696,-12.19,4.9375
0.065391,-0.025518,0.46107,0.19777,0.065241,-0.10365,3.2134,-1.2592,-1.4063,4.945
0.065469,0.10405,0.35482,0.12144,0.11774,-0.1202,-8.8904,-5.1622,0.99527,4.8777
0.065547,0.23149,0.27871,0.066525,0.10786,-0.062814,-1.262,-3.175,2.4563,4.8947
0.065625,0.53261,0.30618,0.040238,0.042474,0.027151,1.3831,6.1174,-15.081,4.8763
0.065703,0.66762,0.24776,-0.028981,-0.038301,0.095442,6.0265,-8.5708,-8.2738,4.8837
0.065781,0.65286,0.26256,-0.005618,0.005329,0.1308,0.91283,-2.7198,6.5259,4.9034
0.065859,0.61078,0.14569,-0.060844,0.016874,0.13393,-1.9346,2.1319,3.6163,4.881
0.065937,0.54117,0.19281,-0.10162,0.033788,0.21392,9.1448,8.4165,-0.71852,4.8644
0.066016,0.59268,0.2695,-0.16322,0.068904,0.2113,4.2016,7.9391,-10.155,4.8978
0.066094,0.47858,0.27022,-0.25432,0.082984,0.21861,0.31248,-8.2888,4.4397,4.9109
0.066172,0.30206,0.23105,-0.23601,0.15124,0.18388,-8.8153,-3.0408,5.923,4.8977
0.06625,0.16462,0.067099,-0.242,0.16287,0.23441,-7.5416,-7.8665,-4.5934,4.8979
0.066328,0.060438,0.086355,-0.15392,0.16432,0.26035,-0.12416,-0.95281,-11.338,4.8907
0.066406,-0.13293,0.001301,-0.1029,0.20182,0.096225,-8.4359,-4.0796,-11.246,4.8791
0.066484,-0.3382,-0.12455,0.030184,0.20201,-0.032316,-4.6612,-10.635,5.2837,4.8881
0.066562,-0.54769,-0.24675,0.19344,0.22606,-0.11553,-4.0282,4.766,-4.9574,4.8834
0.066641,-0.61198,-0.297,0.29557,0.21776,-0.16262,1.9744,3.1403,-12.949,4.899
0.066719,-0.70025,-0.13259,0.45822,0.23727,-0.20111,5.3734,6.3075,-7.9033,4.869
0.066797,-0.80295,-0.18922,0.5712,0.26811,-0.2736,1.7404,-5.7546,5.0867,4.9028
0.066875,-0.84885,-0.17291,0.69371,0.32113,-0.20962,9.8925,-4.4203,11.852,4.8957
0.066953,-0.70458,-0.11101,0.68976,0.32721,-0.19818,5.1709,3.4304,-7.7488,4.8838
0.067031,-0.5494,0.048427,0.61937,0.31931,-0.18702,7.2122,-10.034,-5.0079,4.8747
0.067109,-0.44309,0.17996,0.58421,0.30296,-0.15913,2.7262,-4.6932,4.5114,4.8807
0.067187,-0.27238,0.1329,0.46697,0.23012,-0.078376,-1.8845,-7.5754,8.4831,4.8826
0.067266,-0.089775,0.22009,0.32707,0.1724,0.053556,2.3503,5.3011,2.342,4.8943
0.067344,0.079793,0.2621,0.13338,0.1073,0.10119,-4.8065,6.408,-8.9933,4.8748
0.067422,0.15391,0.30636,0.010638,0.086629,0.11119,-2.0018,-2.3987,3.9888,4.8841
0.0675,0.18871,0.2988,-0.068882,0.13443,0.14982,-7.5056,3.4421,7.033,4.9073
0.067578,0.29184,0.16254,-0.229,0.15974,0.20921,-8.5066,-0.96398,3.8859,4.9095
0.067656,0.4479,0.17029,-0.29902,0.13145,0.28994,-6.6434,6.6143,-7.2714,4.8843
0.067734,0.37194,0.068718,-0.31575,0.11478,0.30853,-9.6541,-8.9495,-9.9211,4.907
0.067812,0.43845,-0.002139,-0.26943,0.089416,0.27853,-6.4933,-12.936,7.2249,4.9324
0.067891,0.373,-0.16582,-0.20061,0.11526,0.25207,-14.474,-3.9958,-1.649,4.8918
0.067969,0.43917,-0.24925,-0.082869,0.073683,0.25899,-8.1616,-2.5186,-9.2344,4.8832
0.068047,0.26397,-0.22895,0.067696,0.056751,0.22264,-5.0851,7.3521,-10.922,4.8948
0.068125,0.2467,-0.30284,0.16743,0.071171,0.097963,-1.2645,-6.2413,-0.12837,4.9148
0.068203,-0.023338,-0.27382,0.25408,0.12134,0.007031,1.8215,1.5798,6.9754,4.8706
0.068281,-0.078743,-0.26872,0.25384,0.13088,-0.029018,-2.1892,4.601,-6.0526,4.8935
0.068359,0.030568,-0.10534,0.28715,0.097619,-0.018505,6.6877,-6.4242,-5.2602,4.8952
0.068437,-0.24497,0.004606,0.23234,0.063845,-0.086967,2.1396,-5.3205,-0.23403,4.8968
0.068516,-0.15536,-0.02531,0.13561,0.018616,-0.15528,2.8621,-14.647,9.6671,4.8957
0.068594,-0.29113,-0.019496,0.047808,-0.036475,-0.13528,0.57781,-0.2084,3.3355,4.8844
0.068672,-0.025567,-0.094334,-0.095385,-0.096912,-0.10591,-1.4095,-2.0251,-11.886,4.8847
0.06875,-0.002589,-0.03158,-0.18208,-0.092783,-0.051133,1.169,-4.3004,-4.1044,4.8795
0.068828,0.068603,-0.16854,-0.30084,-0.10453,-0.041342,-4.4671,1.0688,0.15809,4.8832
0.068906,0.32967,-0.2868,-0.35073,-0.11628,0.010097,-0.5373,0.39473,2.8643,4.9001
0.068984,0.19172,-0.29505,-0.37556,-0.13197,0.10464,-3.1426,16.453,-6.7052,4.8815
0.069062,0.28346,-0.35821,-0.37938,-0.18415,0.14842,-0.27249,0.70936,-6.9783,4.8881
0.069141,0.14001,-0.32449,-0.3233,-0.12197,0.18398,1.5046,-3.9396,6.9569,4.8854
0.069219,0.065333,-0.47745,-0.31014,-0.15718,0.19325,-4.5537,-4.1514,4.2926,4.8828
0.069297,0.069766,-0.4319,-0.22016,-0.18207,0.31139,-1.8914,-9.2424,-3.0437,4.8833
0.069375,-0.049896,-0.3482,-0.15131,-0.18515,0.38644,-5.8282,-6.7841,-11.4,4.8855
0.069453,0.003609,-0.31307,-0.095481,-0.16902,0.33477,-2.3411,-21.732,-1.7872,4.8873
0.069531,-0.34005,-0.27191,0.012181,-0.11982,0.29339,-3.5274,-9.0776,4.3138,4.8807
0.069609,-0.12679,-0.33578,0.06389,-0.13768,0.27614,-6.1097,-2.116,-7.9961,4.8874
0.069687,-0.11029,-0.14872,0.12074,-0.15447,0.23969,1.5202,-1.7987,-11.027,4.8772
0.069766,-0.17953,-0.089726,0.1063,-0.14729,0.066773,-0.44689,-1.6578,-6.0905,4.8801
0.069844,-0.16354,-0.091692,0.092031,-0.10587,-0.10318,1.5998,-12.644,7.2708,4.8888
0.069922,-0.24764,-0.15629,0.081832,-0.07013,-0.12121,-1.2217,-0.22432,1.5792,4.8889
0.07,-0.042888,-0.14145,0.020795,-0.044362,-0.14226,-0.028323,-10.655,-11.358,4.8947
0.070078,-0.075334,-0.032493,0.021611,0.049007,-0.2066,-0.76294,-11.256,-7.3979,4.8896
0.070156,-0.14629,-0.14492,-0.018506,0.079625,-0.32127,-6.6299,-10.41,-1.4258,4.8937
0.070234,-0.12951,-0.22558,0.0029,0.096062,-0.29642,-3.2994,-10.085,1.6349,4.8887
0.070312,-0.14316,-0.23249,-0.049294,0.060957,-0.21364,-3.4969,5.6184,-9.3286,4.8824
0.070391,0.047105,-0.1254,-0.12599,0.002686,-0.19201,-0.62727,-3.5803,-11.995,4.8974
0.070469,-0.11038,-0.042051,-0.13563,0.029605,-0.13656,-3.0304,5.2111,-1.4543,4.8926
0.070547,-0.026249,-0.11705,-0.19892,0.032177,-0.073009,-2.2193,0.80928,3.2595,4.8868
0.070625,0.1242,-0.020098,-0.20356,0.041991,0.078339,3.0532,2.6054,5.617,4.88
0.070703,0.11864,0.10773,-0.27747,0.024982,0.15346,-1.1159,3.5737,-1.7524,4.8746
0.070781,0.40509,0.16107,-0.32384,0.02738,0.16099,-2.6377,-16.15,5.2244,4.8818
0.070859,0.25594,0.14144,-0.34952,0.04785,0.20613,-10.908,-5.3622,12.644,4.8669
0.070937,0.42263,0.02508,-0.41833,-0.041081,0.27204,-8.2701,-11.144,6.9985,4.8767
0.071016,0.31772,0.095834,-0.42147,-0.06065,0.3236,-6.5685,-2.5269,1.4105,4.8801
0.071094,0.29452,0.045097,-0.43481,-0.11316,0.24841,-9.4636,-3.2345,-6.4293,4.885
0.071172,0.29461,0.027107,-0.38376,-0.099501,0.19273,-5.511,-6.2067,2.92,4.8859
0.07125,0.04484,-0.085409,-0.34669,-0.071842,0.12838,-8.9329,10.626,0.10435,4.9013
0.071328,0.24207,-0.10128,-0.29101,-0.077671,0.075353,-2.6046,1.552,-9.8391,4.8847
0.071406,0.026355,0.013939,-0.15355,-0.03379,-0.006866,-3.9484,8.4628,-11.522,4.9107
0.071484,-0.043497,-0.044006,-0.069578,-0.00924,-0.11283,-4.6026,-6.266,-8.4689,4.8918
0.071562,-0.23571,-0.01443,0.048414,0.065635,-0.15058,-1.8734,-9.803,-0.7507,4.889
0.071641,-0.21374,-0.048852,0.14966,0.018222,-0.19128,-5.4102,-5.0088,-12.052,4.8971
0.071719,-0.027954,0.019619,0.21909,-0.019579,-0.2046,-3.102,-14.474,-18.142,4.8963
0.071797,-0.10565,0.01375,0.29025,-0.02971,-0.22635,-7.9862,-1.7693,-12.628,4.9033
0.071875,0.20965,-0.15239,0.26543,-0.053968,-0.24156,-2.5031,-8.5819,-3.2176,4.9186
0.071953,0.17395,-0.1437,0.27946,-0.030658,-0.15403,-0.57236,4.5199,3.488,4.9041
0.072031,0.27909,-0.15825,0.18657,-0.062279,-0.096899,-3.9433,7.2204,-3.7192,4.8996
0.072109,0.23595,-0.059475,0.098814,-0.053341,-0.046005,-1.9679,-2.0859,-0.097527,4.8949
0.072187,0.15363,-0.059,0.004299,-0.013738,-0.034207,-5.6541,5.1329,5.415,4.8949
0.072266,0.3049,-0.1192,-0.12159,-0.025241,-0.039255,1.6393,-6.5466,7.9034,4.8975
0.072344,0.13959,0.029208,-0.19552,0.021217,-0.049009,0.45746,4.9618,1.1523,4.886
0.072422,0.16965,0.079543,-0.25025,0.053082,-0.07602,-2.8013,-6.9612,-5.3898,4.8929
0.0725,0.074582,0.23872,-0.20847,0.10871,-0.10308,-1.8195,-7.6965,2.5525,4.892
0.072578,0.19857,0.27565,-0.20156,0.061948,-0.14087,-3.5068,3.1854,3.8215,4.8883
0.072656,0.35362,0.42211,-0.16764,-0.052208,-0.13517,2.6796,-2.7552,-4.6094,4.8893
0.072734,0.19708,0.62593,-0.075827,-0.11226,-0.044695,-2.3288,7.0761,-11.884,4.888
0.072812,0.30027,0.57036,0.029505,-0.11729,0.015812,0.98494,-6.2735,-6.9855,4.8857
0.072891,0.14294,0.52713,0.13316,-0.001394,0.041128,2.9108,6.5819,2.2922,4.8831
0.072969,0.21773,0.31771,0.20758,0.030041,-0.018798,2.3502,5.0421,-4.7723,4.8759
0.073047,0.15266,0.23422,0.34711,0.015591,-0.057399,7.1953,-6.0204,-12.4,4.883
0.073125,0.15,0.18119,0.458,-0.063209,-0.16973,-2.0765,-5.1647,-11.143,4.8875
0.073203,0.27359,0.050948,0.5267,-0.1488,-0.26248,0.36701,-16.902,-3.7757,4.8855
0.073281,-0.006723,0.15154,0.57775,-0.18528,-0.26304,-1.5147,-0.99517,-3.5277,4.8884
0.073359,0.17249,0.17245,0.52823,-0.23212,-0.23901,-1.5396,-7.1739,-14.28,4.8862
0.073437,0.12696,0.33917,0.50843,-0.20015,-0.24576,-1.8428,-1.1453,-9.3079,4.8807
0.073516,0.10554,0.33111,0.39377,-0.18568,-0.34449,-7.533,4.9421,0.32326,4.8864
0.073594,0.14829,0.30361,0.30504,-0.22986,-0.33776,0.74446,-0.21721,7.8027,4.8887
0.073672,0.08162,0.44331,0.20859,-0.27339,-0.24182,-2.0084,14.185,5.3033,4.8829
0.07375,0.12135,0.41082,0.10926,-0.33779,-0.12714,-0.20443,-4.2135,-1.497,4.8844
0.073828,0.15745,0.46513,0.030916,-0.2624,-0.044824,-5.5659,-2.4416,4.018,4.8895
0.073906,0.2011,0.24967,-0.071865,-0.20672,-0.065238,-6.8522,-6.4587,6.4126,4.8943
0.073984,0.26477,0.16019,-0.10583,-0.11204,-0.069368,-0.005539,-7.1784,4.1389,4.8951
0.074062,0.28964,0.053505,-0.14198,-0.072403,-0.1288,-7.4531,-0.65817,-2.9877,4.9092
0.074141,0.31065,-0.17816,-0.15256,-0.10222,-0.17275,-6.0925,-14.339,-5.2314,4.9036
0.074219,0.25495,-0.24965,-0.12555,-0.10214,-0.1756,-10.83,4.7283,3.4227,4.8981
0.074297,0.32748,-0.4128,-0.14551,-0.13751,-0.12753,-3.558,3.7631,3.4486,4.9037
0.074375,0.19648,-0.25989,-0.06432,-0.070888,0.040828,1.4477,8.3992,-1.468,4.8936
0.074453,0.24996,-0.18712,-0.084801,-0.016286,0.085052,-0.83391,4.9004,-5.9332,4.9024
0.074531,0.26245,-0.044961,-0.044312,0.078337,0.071712,4.9159,-3.7597,0.025983,4.8923
0.074609,0.15229,0.18717,0.016545,0.10826,-0.00115,1.254,7.7227,8.0014,4.8857
0.074687,0.19523,0.2651,0.075229,0.032684,-0.010274,7.2502,-10.079,0.2886,4.8812
0.074766,0.02473,0.49937,0.15192,0.019403,0.051439,3.8089,-3.5101,-6.5631,4.8656
0.074844,0.068256,0.42772,0.10759,-0.01869,0.010262,-0.031731,-8.0325,-3.4354,4.8698
0.074922,-0.092162,0.37212,0.11085,-0.024286,-0.011633,-0.13087,-2.9319,6.3779,4.9021
0.075,-0.007119,0.26538,0.11344,-0.020552,-0.024557,-3.4514,9.9704,3.7128,4.9045
0.075078,-0.01644,0.078069,0.14986,-0.017205,-0.049939,2.7557,0.1027,-7.7818,4.8795
0.075156,-0.018291,0.072523,0.24025,0.067962,-0.13592,-3.0065,10.641,-5.2601,4.9089
0.075234,0.21856,-0.11011,0.26759,0.12067,-0.24427,-4.1092,-1.4629,3.4408,4.8998
0.075312,0.11256,-0.039866,0.34587,0.17137,-0.21414,-5.8271,1.92,5.1963,4.8794
0.075391,0.16924,0.037256,0.35131,0.14252,-0.12151,-5.2997,-2.6553,-6.9376,4.8856
0.075469,0.18711,0.10254,0.34353,0.12261,-0.04349,-0.7929,-16.559,-10.438,4.8842
0.075547,0.3205,0.2295,0.34116,0.12564,-0.048208,-8.3538,-6.704,0.30791,4.9032
0.075625,0.37682,0.11794,0.27101,0.14714,-0.043845,-4.4897,-14.255,4.8365,4.8596
0.075703,0.34125,0.1884,0.22749,0.21977,-0.040455,0.36125,0.46786,1.2104,4.8905
0.075781,0.52224,0.067513,0.12097,0.26363,-0.060893,5.3207,-3.6872,-5.4807,4.8658
0.075859,0.32945,0.035533,0.045767,0.2815,-0.12888,5.4487,-0.24693,0.4735,4.9087
0.075937,0.40307,0.043624,-0.045867,0.28826,-0.20867,0.47514,11.437,8.0223,4.9013
0.076016,0.34909,0.017476,-0.15722,0.25427,-0.22798,8.4799,0.77145,2.3586,4.9227
0.076094,0.15934,0.22048,-0.22191,0.23457,-0.20753,10.447,10.824,-5.9222,4.9436
0.076172,0.27303,0.2018,-0.30169,0.18957,-0.21344,10.585,-3.2416,-8.6481,4.8709
0.07625,0.19968,0.29637,-0.25589,0.14755,-0.18857,5.9511,0.72595,-2.6115,4.9244
0.076328,0.29443,0.25126,-0.22541,0.047599,-0.12694,1.4054,-0.25465,-1.8183,4.8544
0.076406,0.28261,0.20619,-0.14144,0.003981,0.057313,4.6768,-5.9212,-11.011,4.9049
0.076484,0.31294,0.24619,-0.027852,-0.060662,0.18683,-0.37461,8.099,-11.039,4.8956
0.076562,0.3268,0.042577,0.008171,-0.10659,0.24412,-1.607,-3.9686,-3.4435,4.8455
0.076641,0.28946,0.10658,0.10101,-0.092992,0.25903,-3.3809,8.2315,6.5479,4.9214
0.076719,0.2769,-0.010486,0.11263,-0.10365,0.21818,-1.5833,1.2501,2.8663,4.8908
0.076797,0.27274,0.024642,0.15312,-0.055829,0.18459,1.1207,-1.3356,-0.94012,4.829
0.076875,0.38017,-0.015806,0.11058,-0.023946,0.063108,-4.2176,0.67463,6.1112,4.9349
0.076953,0.46581,-0.13953,0.022998,-0.017813,-0.045534,-4.6423,-15.153,9.9254,4.8695
0.077031,0.39142,-0.034417,-0.01554,-0.017748,-0.073034,-6.0823,-3.8954,10.753,4.9248
0.077109,0.48387,-0.10653,-0.13614,-0.030223,-0.085407,0.090552,-14.991,-1.6027,4.8803
0.077187,0.39454,0.018456,-0.18424,-0.00226,-0.08958,-0.025893,-4.8335,-3.4461,4.892
0.077266,0.50397,0.011474,-0.27621,0.031294,-0.13133,-3.7122,0.98366,6.1132,4.8703
0.077344,0.56125,0.093161,-0.30054,0.10453,-0.10997,-1.0405,1.5354,4.0094,4.8983
0.077422,0.49562,0.25493,-0.25561,0.1631,-0.075854,0.45628,16.563,0.17999,4.8805
0.0775,0.42288,0.18051,-0.21605,0.20246,-0.080144,3.2085,4.7374,-7.6508,4.8956
0.077578,0.22916,0.28729,-0.097107,0.2654,-0.10879,-1.4135,16.87,0.98503,4.879
0.077656,0.18694,0.13316,-0.050909,0.24785,-0.14745,-1.3163,2.533,6.0804,4.9138
0.077734,0.065893,0.14228,0.059898,0.2106,-0.088185,3.8174,-1.6231,-1.4174,4.8746
0.077812,-0.060642,0.11576,0.13152,0.13873,-0.03007,3.6383,0.55942,-3.778,4.9436
0.077891,0.028718,-0.027075,0.16401,0.073152,-0.008573,1.0296,-12.684,-5.6268,4.9414
0.077969,-0.01655,0.062399,0.23555,0.072388,0.015084,-1.6999,1.9428,5.1258,4.8545
0.078047,0.19719,-0.081769,0.17714,0.071493,0.080756,2.1659,-8.0082,-1.1184,4.8827
0.078125,0.091276,0.041055,0.20994,0.10946,0.16807,2.7646,4.8303,-6.1583,4.9133
0.078203,0.29579,0.013056,0.11722,0.093234,0.14034,1.7143,6.6504,-2.1177,4.8924
0.078281,0.31917,0.012259,0.075205,0.064251,0.064632,4.2287,3.5677,0.53559,4.8836
0.078359,0.20963,0.14824,0.033113,0.009995,0.016436,4.3814,10.419,10.513,4.9092
0.078437,0.49632,0.1146,-0.067003,-0.023702,0.027218,4.6196,-6.1316,1.486,4.8818
0.078516,0.43067,0.31306,-0.055892,0.009887,-0.020659,1.6412,5.7827,2.4869,4.8841
0.078594,0.46807,0.22002,-0.13941,0.018234,-0.12822,-2.0472,-6.5664,5.1403,4.8985
0.078672,0.26619,0.25006,-0.069998,0.05341,-0.17512,-2.5353,-4.4421,4.3643,4.8895
0.07875,0.18963,0.23185,-0.057542,0.051978,-0.17001,-2.8788,1.7561,2.9973,4.8915
0.078828,0.061291,0.11156,-0.023596,0.02874,-0.10086,-0.6037,-3.525,-10.288,4.8966
0.078906,-0.2236,0.1159,0.046151,0.036162,-0.088986,-1.7544,13.779,-0.91984,4.8802
0.078984,-0.37272,-0.096538,0.004635,0.014189,-0.055796,-3.5354,-0.30321,-0.65533,4.88
0.079062,-0.4428,-0.006224,0.097632,0.035786,0.039133,1.9871,7.8901,-3.698,4.8811
0.079141,-0.48611,-0.048839,0.079629,0.022762,0.097731,5.7528,3.593,-8.1597,4.8953
0.079219,-0.37198,-0.037705,0.13337,0.040816,0.11154,5.5463,-5.5645,-11.765,4.8934
0.079297,-0.39979,0.051088,0.15717,0.031938,0.070084,4.4835,-1.367,3.0933,4.8809
0.079375,-0.14231,-0.015076,0.10878,-0.010272,0.068358,10.061,-18.348,-2.1434,4.8749
0.079453,-0.11434,0.15835,0.15929,-0.029907,0.12674,9.5463,-4.9934,-5.3711,4.8769
0.079531,0.25795,0.049194,0.06488,-0.11992,0.14455,2.4218,-6.3479,-7.1002,4.8664
0.079609,0.18907,0.12059,0.073398,-0.13107,0.13409,-0.56073,2.1654,-1.5067,4.8752
0.079687,0.003938,0.15358,0.0146,-0.14209,0.12653,0.78887,9.17,10.637,4.8783
